Date,SP500,NASDAQ,VIX
2010-01-04,1132.989990234375,2308.419921875,20.040000915527344
2010-01-05,1136.52001953125,2308.7099609375,19.350000381469727
2010-01-06,1137.1400146484375,2301.090087890625,19.15999984741211
2010-01-07,1141.68994140625,2300.050048828125,19.059999465942383
2010-01-08,1144.97998046875,2317.169921875,18.1299991607666
2010-01-11,1146.97998046875,2312.409912109375,17.549999237060547
2010-01-12,1136.219970703125,2282.31005859375,18.25
2010-01-13,1145.6800537109375,2307.89990234375,17.850000381469727
2010-01-14,1148.4599609375,2316.739990234375,17.6299991607666
2010-01-15,1136.030029296875,2287.989990234375,17.90999984741211
2010-01-19,1150.22998046875,2320.39990234375,17.579999923706055
2010-01-20,1138.0400390625,2291.25,18.68000030517578
2010-01-21,1116.47998046875,2265.699951171875,22.270000457763672
2010-01-22,1091.760009765625,2205.2900390625,27.309999465942383
2010-01-25,1096.780029296875,2210.800048828125,25.40999984741211
2010-01-26,1092.1700439453125,2203.72998046875,24.549999237060547
2010-01-27,1097.5,2221.409912109375,23.139999389648438
2010-01-28,1084.530029296875,2179.0,23.729999542236328
2010-01-29,1073.8699951171875,2147.35009765625,24.6200008392334
2010-02-01,1089.18994140625,2171.199951171875,22.59000015258789
2010-02-02,1103.3199462890625,2190.06005859375,21.479999542236328
2010-02-03,1097.280029296875,2190.909912109375,21.600000381469727
2010-02-04,1063.1099853515625,2125.429931640625,26.079999923706055
2010-02-05,1066.18994140625,2141.1201171875,26.110000610351562
2010-02-08,1056.739990234375,2126.050048828125,26.510000228881836
2010-02-09,1070.52001953125,2150.8701171875,26.0
2010-02-10,1068.1300048828125,2147.8701171875,25.399999618530273
2010-02-11,1078.469970703125,2177.409912109375,23.959999084472656
2010-02-12,1075.510009765625,2183.530029296875,22.729999542236328
2010-02-16,1094.8699951171875,2214.18994140625,22.25
2010-02-17,1099.510009765625,2226.2900390625,21.719999313354492
2010-02-18,1106.75,2241.7099609375,20.6299991607666
2010-02-19,1109.1700439453125,2243.8701171875,20.020000457763672
2010-02-22,1108.010009765625,2242.030029296875,19.940000534057617
2010-02-23,1094.5999755859375,2213.43994140625,21.3700008392334
2010-02-24,1105.239990234375,2235.89990234375,20.270000457763672
2010-02-25,1102.93994140625,2234.219970703125,20.100000381469727
2010-02-26,1104.489990234375,2238.260009765625,19.5
2010-03-01,1115.7099609375,2273.570068359375,19.260000228881836
2010-03-02,1118.31005859375,2280.7900390625,19.059999465942383
2010-03-03,1118.7900390625,2280.679931640625,18.829999923706055
2010-03-04,1122.969970703125,2292.31005859375,18.719999313354492
2010-03-05,1138.699951171875,2326.35009765625,17.420000076293945
2010-03-08,1138.5,2332.2099609375,17.790000915527344
2010-03-09,1140.449951171875,2340.679931640625,17.920000076293945
2010-03-10,1145.6099853515625,2358.949951171875,18.56999969482422
2010-03-11,1150.239990234375,2368.4599609375,18.059999465942383
2010-03-12,1149.989990234375,2367.659912109375,17.579999923706055
2010-03-15,1150.510009765625,2362.2099609375,18.0
2010-03-16,1159.4599609375,2378.010009765625,17.690000534057617
2010-03-17,1166.2099609375,2389.090087890625,16.90999984741211
2010-03-18,1165.8299560546875,2391.280029296875,16.6200008392334
2010-03-19,1159.9000244140625,2374.409912109375,16.969999313354492
2010-03-22,1165.81005859375,2395.39990234375,16.8700008392334
2010-03-23,1174.1700439453125,2415.239990234375,16.350000381469727
2010-03-24,1167.719970703125,2398.760009765625,17.549999237060547
2010-03-25,1165.72998046875,2397.409912109375,18.399999618530273
2010-03-26,1166.5899658203125,2395.1298828125,17.770000457763672
2010-03-29,1173.219970703125,2404.360107421875,17.59000015258789
2010-03-30,1173.27001953125,2410.68994140625,17.1299991607666
2010-03-31,1169.4300537109375,2397.9599609375,17.59000015258789
2010-04-01,1178.0999755859375,2402.580078125,17.469999313354492
2010-04-05,1187.43994140625,2429.530029296875,17.020000457763672
2010-04-06,1189.43994140625,2436.81005859375,16.229999542236328
2010-04-07,1182.449951171875,2431.159912109375,16.6200008392334
2010-04-08,1186.43994140625,2436.81005859375,16.479999542236328
2010-04-09,1194.3699951171875,2454.050048828125,16.139999389648438
2010-04-12,1196.47998046875,2457.8701171875,15.579999923706055
2010-04-13,1197.300048828125,2465.989990234375,16.200000762939453
2010-04-14,1210.6500244140625,2504.860107421875,15.59000015258789
2010-04-15,1211.6700439453125,2515.68994140625,15.890000343322754
2010-04-16,1192.1300048828125,2481.260009765625,18.360000610351562
2010-04-19,1197.52001953125,2480.110107421875,17.34000015258789
2010-04-20,1207.1700439453125,2500.31005859375,15.729999542236328
2010-04-21,1205.93994140625,2504.610107421875,16.31999969482422
2010-04-22,1208.6700439453125,2519.070068359375,16.469999313354492
2010-04-23,1217.280029296875,2530.14990234375,16.6200008392334
2010-04-26,1212.050048828125,2522.949951171875,17.469999313354492
2010-04-27,1183.7099609375,2471.469970703125,22.809999465942383
2010-04-28,1191.3599853515625,2471.72998046875,21.079999923706055
2010-04-29,1206.780029296875,2511.919921875,18.440000534057617
2010-04-30,1186.68994140625,2461.18994140625,22.049999237060547
2010-05-03,1202.260009765625,2498.739990234375,20.190000534057617
2010-05-04,1173.5999755859375,2424.25,23.84000015258789
2010-05-05,1165.8699951171875,2402.2900390625,24.90999984741211
2010-05-06,1128.1500244140625,2319.639892578125,32.79999923706055
2010-05-07,1110.8800048828125,2265.639892578125,40.95000076293945
2010-05-10,1159.72998046875,2374.669921875,28.84000015258789
2010-05-11,1155.7900390625,2375.31005859375,28.31999969482422
2010-05-12,1171.6700439453125,2425.02001953125,25.520000457763672
2010-05-13,1157.43994140625,2394.360107421875,26.68000030517578
2010-05-14,1135.6800537109375,2346.85009765625,31.239999771118164
2010-05-17,1136.93994140625,2354.22998046875,30.84000015258789
2010-05-18,1120.800048828125,2317.260009765625,33.54999923706055
2010-05-19,1115.050048828125,2298.3701171875,35.31999969482422
2010-05-20,1071.5899658203125,2204.010009765625,45.790000915527344
2010-05-21,1087.68994140625,2229.0400390625,40.099998474121094
2010-05-24,1073.6500244140625,2213.550048828125,38.31999969482422
2010-05-25,1074.030029296875,2210.949951171875,34.61000061035156
2010-05-26,1067.949951171875,2195.8798828125,35.02000045776367
2010-05-27,1103.06005859375,2277.679931640625,29.68000030517578
2010-05-28,1089.4100341796875,2257.0400390625,32.06999969482422
2010-06-01,1070.7099609375,2222.330078125,35.540000915527344
2010-06-02,1098.3800048828125,2281.070068359375,30.170000076293945
2010-06-03,1102.8299560546875,2303.030029296875,29.459999084472656
2010-06-04,1064.8800048828125,2219.169921875,35.47999954223633
2010-06-07,1050.469970703125,2173.89990234375,36.56999969482422
2010-06-08,1062.0,2170.570068359375,33.70000076293945
2010-06-09,1055.68994140625,2158.85009765625,33.72999954223633
2010-06-10,1086.8399658203125,2218.7099609375,30.56999969482422
2010-06-11,1091.5999755859375,2243.60009765625,28.790000915527344
2010-06-14,1089.6300048828125,2243.9599609375,28.579999923706055
2010-06-15,1115.22998046875,2305.8798828125,25.8700008392334
2010-06-16,1114.6099853515625,2305.929931640625,25.920000076293945
2010-06-17,1116.0400390625,2307.159912109375,25.049999237060547
2010-06-18,1117.510009765625,2309.800048828125,23.950000762939453
2010-06-21,1113.199951171875,2289.090087890625,24.8799991607666
2010-06-22,1095.31005859375,2261.800048828125,27.049999237060547
2010-06-23,1092.0400390625,2254.22998046875,26.90999984741211
2010-06-24,1073.68994140625,2217.419921875,29.739999771118164
2010-06-25,1076.760009765625,2223.47998046875,28.530000686645508
2010-06-28,1074.5699462890625,2220.64990234375,29.0
2010-06-29,1041.239990234375,2135.179931640625,34.130001068115234
2010-06-30,1030.7099609375,2109.239990234375,34.540000915527344
2010-07-01,1027.3699951171875,2101.360107421875,32.86000061035156
2010-07-02,1022.5800170898438,2091.7900390625,30.1200008392334
2010-07-06,1028.06005859375,2093.8798828125,29.649999618530273
2010-07-07,1060.27001953125,2159.469970703125,26.84000015258789
2010-07-08,1070.25,2175.39990234375,25.709999084472656
2010-07-09,1077.9599609375,2196.449951171875,24.979999542236328
2010-07-12,1078.75,2198.360107421875,24.43000030517578
2010-07-13,1095.3399658203125,2242.030029296875,24.559999465942383
2010-07-14,1095.1700439453125,2249.840087890625,24.889999389648438
2010-07-15,1096.47998046875,2249.080078125,25.139999389648438
2010-07-16,1064.8800048828125,2179.050048828125,26.25
2010-07-19,1071.25,2198.22998046875,25.969999313354492
2010-07-20,1083.47998046875,2222.489990234375,23.93000030517578
2010-07-21,1069.5899658203125,2187.330078125,25.639999389648438
2010-07-22,1093.6700439453125,2245.889892578125,24.6299991607666
2010-07-23,1102.6600341796875,2269.469970703125,23.469999313354492
2010-07-26,1115.010009765625,2296.429931640625,22.729999542236328
2010-07-27,1113.8399658203125,2288.25,23.190000534057617
2010-07-28,1106.1300048828125,2264.56005859375,24.25
2010-07-29,1101.530029296875,2251.68994140625,24.1299991607666
2010-07-30,1101.5999755859375,2254.699951171875,23.5
2010-08-02,1125.8599853515625,2295.360107421875,22.010000228881836
2010-08-03,1120.4599609375,2283.52001953125,22.6299991607666
2010-08-04,1127.239990234375,2303.570068359375,22.209999084472656
2010-08-05,1125.81005859375,2293.06005859375,22.100000381469727
2010-08-06,1121.6400146484375,2288.469970703125,21.739999771118164
2010-08-09,1127.7900390625,2305.68994140625,22.139999389648438
2010-08-10,1121.06005859375,2277.169921875,22.3700008392334
2010-08-11,1089.469970703125,2208.6298828125,25.389999389648438
2010-08-12,1083.6099853515625,2190.27001953125,25.729999542236328
2010-08-13,1079.25,2173.47998046875,26.239999771118164
2010-08-16,1079.3800048828125,2181.8701171875,26.100000381469727
2010-08-17,1092.5400390625,2209.43994140625,24.329999923706055
2010-08-18,1094.1600341796875,2215.699951171875,24.59000015258789
2010-08-19,1075.6300048828125,2178.949951171875,26.440000534057617
2010-08-20,1071.68994140625,2179.760009765625,25.489999771118164
2010-08-23,1067.3599853515625,2159.6298828125,25.65999984741211
2010-08-24,1051.8699951171875,2123.760009765625,27.459999084472656
2010-08-25,1055.3299560546875,2141.5400390625,26.700000762939453
2010-08-26,1047.219970703125,2118.68994140625,27.3700008392334
2010-08-27,1064.5899658203125,2153.6298828125,24.450000762939453
2010-08-30,1048.9200439453125,2119.969970703125,27.209999084472656
2010-08-31,1049.3299560546875,2114.030029296875,26.049999237060547
2010-09-01,1080.2900390625,2176.840087890625,23.889999389648438
2010-09-02,1090.0999755859375,2200.010009765625,23.190000534057617
2010-09-03,1104.510009765625,2233.75,21.309999465942383
2010-09-07,1091.8399658203125,2208.889892578125,23.799999237060547
2010-09-08,1098.8699951171875,2228.8701171875,23.25
2010-09-09,1104.1800537109375,2236.199951171875,22.809999465942383
2010-09-10,1109.550048828125,2242.47998046875,21.989999771118164
2010-09-13,1121.9000244140625,2285.7099609375,21.209999084472656
2010-09-14,1121.0999755859375,2289.77001953125,21.559999465942383
2010-09-15,1125.0699462890625,2301.320068359375,22.100000381469727
2010-09-16,1124.6600341796875,2303.25,21.719999313354492
2010-09-17,1125.5899658203125,2315.610107421875,22.010000228881836
2010-09-20,1142.7099609375,2355.830078125,21.5
2010-09-21,1139.780029296875,2349.35009765625,22.350000381469727
2010-09-22,1134.280029296875,2334.550048828125,22.510000228881836
2010-09-23,1124.8299560546875,2327.080078125,23.8700008392334
2010-09-24,1148.6700439453125,2381.219970703125,21.709999084472656
2010-09-27,1142.1600341796875,2369.77001953125,22.540000915527344
2010-09-28,1147.699951171875,2379.590087890625,22.600000381469727
2010-09-29,1144.72998046875,2376.56005859375,23.25
2010-09-30,1141.199951171875,2368.6201171875,23.700000762939453
2010-10-01,1146.239990234375,2370.75,22.5
2010-10-04,1137.030029296875,2344.52001953125,23.530000686645508
2010-10-05,1160.75,2399.830078125,21.760000228881836
2010-10-06,1159.969970703125,2380.659912109375,21.489999771118164
2010-10-07,1158.06005859375,2383.669921875,21.559999465942383
2010-10-08,1165.1500244140625,2401.909912109375,20.709999084472656
2010-10-11,1165.3199462890625,2402.330078125,18.959999084472656
2010-10-12,1169.77001953125,2417.919921875,18.93000030517578
2010-10-13,1178.0999755859375,2441.22998046875,19.06999969482422
2010-10-14,1173.81005859375,2435.3798828125,19.8799991607666
2010-10-15,1176.18994140625,2468.77001953125,19.030000686645508
2010-10-18,1184.7099609375,2480.659912109375,19.09000015258789
2010-10-19,1165.9000244140625,2436.949951171875,20.6299991607666
2010-10-20,1178.1700439453125,2457.389892578125,19.790000915527344
2010-10-21,1180.260009765625,2459.669921875,19.270000457763672
2010-10-22,1183.0799560546875,2479.389892578125,18.780000686645508
2010-10-25,1185.6199951171875,2490.85009765625,19.850000381469727
2010-10-26,1185.6400146484375,2497.2900390625,20.219999313354492
2010-10-27,1182.449951171875,2503.260009765625,20.709999084472656
2010-10-28,1183.780029296875,2507.3701171875,20.8799991607666
2010-10-29,1183.260009765625,2507.409912109375,21.200000762939453
2010-11-01,1184.3800048828125,2504.840087890625,21.829999923706055
2010-11-02,1193.5699462890625,2533.52001953125,21.56999969482422
2010-11-03,1197.9599609375,2540.27001953125,19.559999465942383
2010-11-04,1221.06005859375,2577.340087890625,18.520000457763672
2010-11-05,1225.8499755859375,2578.97998046875,18.260000228881836
2010-11-08,1223.25,2580.050048828125,18.290000915527344
2010-11-09,1213.4000244140625,2562.97998046875,19.079999923706055
2010-11-10,1218.7099609375,2578.780029296875,18.469999313354492
2010-11-11,1213.5400390625,2555.52001953125,18.639999389648438
2010-11-12,1199.2099609375,2518.2099609375,20.610000610351562
2010-11-15,1197.75,2513.820068359375,20.200000762939453
2010-11-16,1178.3399658203125,2469.840087890625,22.579999923706055
2010-11-17,1178.5899658203125,2476.010009765625,21.760000228881836
2010-11-18,1196.68994140625,2514.39990234375,18.75
2010-11-19,1199.72998046875,2518.1201171875,18.040000915527344
2010-11-22,1197.8399658203125,2532.02001953125,18.3700008392334
2010-11-23,1180.72998046875,2494.949951171875,20.6299991607666
2010-11-24,1198.3499755859375,2543.1201171875,19.559999465942383
2010-11-26,1189.4000244140625,2534.56005859375,22.219999313354492
2010-11-29,1187.760009765625,2525.219970703125,21.530000686645508
2010-11-30,1180.550048828125,2498.22998046875,23.540000915527344
2010-12-01,1206.0699462890625,2549.429931640625,21.360000610351562
2010-12-02,1221.530029296875,2579.35009765625,19.389999389648438
2010-12-03,1224.7099609375,2591.4599609375,18.010000228881836
2010-12-06,1223.1199951171875,2594.919921875,18.020000457763672
2010-12-07,1223.75,2598.489990234375,17.989999771118164
2010-12-08,1228.280029296875,2609.159912109375,17.739999771118164
2010-12-09,1233.0,2616.669921875,17.25
2010-12-10,1240.4000244140625,2637.5400390625,17.610000610351562
2010-12-13,1240.4599609375,2624.909912109375,17.549999237060547
2010-12-14,1241.5899658203125,2627.719970703125,17.610000610351562
2010-12-15,1235.22998046875,2617.219970703125,17.940000534057617
2010-12-16,1242.8699951171875,2637.31005859375,17.389999389648438
2010-12-17,1243.9100341796875,2642.969970703125,16.110000610351562
2010-12-20,1247.0799560546875,2649.56005859375,16.40999984741211
2010-12-21,1254.5999755859375,2667.610107421875,16.489999771118164
2010-12-22,1258.8399658203125,2671.47998046875,15.449999809265137
2010-12-23,1256.77001953125,2665.60009765625,16.469999313354492
2010-12-27,1257.5400390625,2667.27001953125,17.670000076293945
2010-12-28,1258.510009765625,2662.8798828125,17.520000457763672
2010-12-29,1259.780029296875,2666.929931640625,17.280000686645508
2010-12-30,1257.8800048828125,2662.97998046875,17.520000457763672
2010-12-31,1257.6400146484375,2652.8701171875,17.75
2011-01-03,1271.8699951171875,2691.52001953125,17.610000610351562
2011-01-04,1270.199951171875,2681.25,17.3799991607666
2011-01-05,1276.56005859375,2702.199951171875,17.020000457763672
2011-01-06,1273.8499755859375,2709.889892578125,17.399999618530273
2011-01-07,1271.5,2703.169921875,17.139999389648438
2011-01-10,1269.75,2707.800048828125,17.540000915527344
2011-01-11,1274.47998046875,2716.830078125,16.889999389648438
2011-01-12,1285.9599609375,2737.330078125,16.239999771118164
2011-01-13,1283.760009765625,2735.2900390625,16.389999389648438
2011-01-14,1293.239990234375,2755.300048828125,15.460000038146973
2011-01-18,1295.02001953125,2765.85009765625,15.869999885559082
2011-01-19,1281.9200439453125,2725.360107421875,17.309999465942383
2011-01-20,1280.260009765625,2704.2900390625,17.989999771118164
2011-01-21,1283.3499755859375,2689.5400390625,18.469999313354492
2011-01-24,1290.8399658203125,2717.550048828125,17.649999618530273
2011-01-25,1291.1800537109375,2719.25,17.59000015258789
2011-01-26,1296.6300048828125,2739.5,16.639999389648438
2011-01-27,1299.5400390625,2755.280029296875,16.149999618530273
2011-01-28,1276.3399658203125,2686.889892578125,20.040000915527344
2011-01-31,1286.1199951171875,2700.080078125,19.530000686645508
2011-02-01,1307.5899658203125,2751.18994140625,17.6299991607666
2011-02-02,1304.030029296875,2749.56005859375,17.299999237060547
2011-02-03,1307.0999755859375,2753.8798828125,16.690000534057617
2011-02-04,1310.8699951171875,2769.300048828125,15.930000305175781
2011-02-07,1319.050048828125,2783.989990234375,16.280000686645508
2011-02-08,1324.5699462890625,2797.050048828125,15.8100004196167
2011-02-09,1320.8800048828125,2789.070068359375,15.869999885559082
2011-02-10,1321.8699951171875,2790.449951171875,16.09000015258789
2011-02-11,1329.1500244140625,2809.43994140625,15.6899995803833
2011-02-14,1332.3199462890625,2817.179931640625,15.949999809265137
2011-02-15,1328.010009765625,2804.35009765625,16.3700008392334
2011-02-16,1336.3199462890625,2825.56005859375,16.719999313354492
2011-02-17,1340.4300537109375,2831.580078125,16.59000015258789
2011-02-18,1343.010009765625,2833.949951171875,16.43000030517578
2011-02-22,1315.43994140625,2756.419921875,20.799999237060547
2011-02-23,1307.4000244140625,2722.989990234375,22.1299991607666
2011-02-24,1306.0999755859375,2737.89990234375,21.31999969482422
2011-02-25,1319.8800048828125,2781.050048828125,19.219999313354492
2011-02-28,1327.219970703125,2782.27001953125,18.350000381469727
2011-03-01,1306.3299560546875,2737.409912109375,21.010000228881836
2011-03-02,1308.43994140625,2748.070068359375,20.700000762939453
2011-03-03,1330.969970703125,2798.739990234375,18.600000381469727
2011-03-04,1321.1500244140625,2784.669921875,19.059999465942383
2011-03-07,1310.1300048828125,2745.6298828125,20.65999984741211
2011-03-08,1321.8199462890625,2765.77001953125,19.81999969482422
2011-03-09,1320.02001953125,2751.719970703125,20.219999313354492
2011-03-10,1295.1099853515625,2701.02001953125,21.8799991607666
2011-03-11,1304.280029296875,2715.610107421875,20.079999923706055
2011-03-14,1296.3900146484375,2700.969970703125,21.1299991607666
2011-03-15,1281.8699951171875,2667.330078125,24.31999969482422
2011-03-16,1256.8800048828125,2616.820068359375,29.399999618530273
2011-03-17,1273.719970703125,2636.050048828125,26.3700008392334
2011-03-18,1279.2099609375,2643.669921875,24.440000534057617
2011-03-21,1298.3800048828125,2692.090087890625,20.610000610351562
2011-03-22,1293.77001953125,2683.8701171875,20.209999084472656
2011-03-23,1297.5400390625,2698.300048828125,19.170000076293945
2011-03-24,1309.6600341796875,2736.419921875,18.0
2011-03-25,1313.800048828125,2743.06005859375,17.90999984741211
2011-03-28,1310.18994140625,2730.679931640625,19.440000534057617
2011-03-29,1319.43994140625,2756.889892578125,18.15999984741211
2011-03-30,1328.260009765625,2776.7900390625,17.709999084472656
2011-03-31,1325.8299560546875,2781.070068359375,17.739999771118164
2011-04-01,1332.4100341796875,2789.60009765625,17.399999618530273
2011-04-04,1332.8699951171875,2789.18994140625,17.5
2011-04-05,1332.6300048828125,2791.18994140625,17.25
2011-04-06,1335.5400390625,2799.820068359375,16.899999618530273
2011-04-07,1333.510009765625,2796.139892578125,17.110000610351562
2011-04-08,1328.1700439453125,2780.419921875,17.8700008392334
2011-04-11,1324.4599609375,2771.510009765625,16.59000015258789
2011-04-12,1314.1600341796875,2744.7900390625,17.09000015258789
2011-04-13,1314.4100341796875,2761.52001953125,16.920000076293945
2011-04-14,1314.52001953125,2760.219970703125,16.270000457763672
2011-04-15,1319.6800537109375,2764.64990234375,15.319999694824219
2011-04-18,1305.1400146484375,2735.3798828125,16.959999084472656
2011-04-19,1312.6199951171875,2744.969970703125,15.829999923706055
2011-04-20,1330.3599853515625,2802.510009765625,15.069999694824219
2011-04-21,1337.3800048828125,2820.159912109375,14.6899995803833
2011-04-25,1335.25,2825.8798828125,15.770000457763672
2011-04-26,1347.239990234375,2847.5400390625,15.619999885559082
2011-04-27,1355.6600341796875,2869.8798828125,15.350000381469727
2011-04-28,1360.47998046875,2872.530029296875,14.619999885559082
2011-04-29,1363.6099853515625,2873.5400390625,14.75
2011-05-02,1361.219970703125,2864.080078125,15.989999771118164
2011-05-03,1356.6199951171875,2841.6201171875,16.700000762939453
2011-05-04,1347.3199462890625,2828.22998046875,17.079999923706055
2011-05-05,1335.0999755859375,2814.719970703125,18.200000762939453
2011-05-06,1340.199951171875,2827.56005859375,18.399999618530273
2011-05-09,1346.2900390625,2843.25,17.15999984741211
2011-05-10,1357.1600341796875,2871.889892578125,15.90999984741211
2011-05-11,1342.0799560546875,2845.06005859375,16.950000762939453
2011-05-12,1348.6500244140625,2863.0400390625,16.030000686645508
2011-05-13,1337.77001953125,2828.469970703125,17.06999969482422
2011-05-16,1329.469970703125,2782.31005859375,18.239999771118164
2011-05-17,1328.97998046875,2783.2099609375,17.549999237060547
2011-05-18,1340.6800537109375,2815.0,16.229999542236328
2011-05-19,1343.5999755859375,2823.31005859375,15.520000457763672
2011-05-20,1333.27001953125,2803.320068359375,17.43000030517578
2011-05-23,1317.3699951171875,2758.89990234375,18.270000457763672
2011-05-24,1316.280029296875,2746.159912109375,17.81999969482422
2011-05-25,1320.469970703125,2761.3798828125,17.06999969482422
2011-05-26,1325.68994140625,2782.919921875,16.09000015258789
2011-05-27,1331.0999755859375,2796.860107421875,15.979999542236328
2011-05-31,1345.199951171875,2835.300048828125,15.449999809265137
2011-06-01,1314.550048828125,2769.18994140625,18.299999237060547
2011-06-02,1312.93994140625,2773.31005859375,18.09000015258789
2011-06-03,1300.1600341796875,2732.780029296875,17.950000762939453
2011-06-06,1286.1700439453125,2702.56005859375,18.489999771118164
2011-06-07,1284.93994140625,2701.56005859375,18.06999969482422
2011-06-08,1279.56005859375,2675.3798828125,18.790000915527344
2011-06-09,1289.0,2684.8701171875,17.770000457763672
2011-06-10,1270.97998046875,2643.72998046875,18.860000610351562
2011-06-13,1271.8299560546875,2639.68994140625,19.610000610351562
2011-06-14,1287.8699951171875,2678.719970703125,18.260000228881836
2011-06-15,1265.4200439453125,2631.4599609375,21.31999969482422
2011-06-16,1267.6400146484375,2623.699951171875,22.729999542236328
2011-06-17,1271.5,2616.47998046875,21.850000381469727
2011-06-20,1278.3599853515625,2629.659912109375,19.989999771118164
2011-06-21,1295.52001953125,2687.260009765625,18.860000610351562
2011-06-22,1287.1400146484375,2669.18994140625,18.520000457763672
2011-06-23,1283.5,2686.75,19.290000915527344
2011-06-24,1268.449951171875,2652.889892578125,21.100000381469727
2011-06-27,1280.0999755859375,2688.280029296875,20.559999465942383
2011-06-28,1296.6700439453125,2729.31005859375,19.170000076293945
2011-06-29,1307.4100341796875,2740.489990234375,17.270000457763672
2011-06-30,1320.6400146484375,2773.52001953125,16.520000457763672
2011-07-01,1339.6700439453125,2816.030029296875,15.869999885559082
2011-07-05,1337.8800048828125,2825.77001953125,16.059999465942383
2011-07-06,1339.219970703125,2834.02001953125,16.34000015258789
2011-07-07,1353.219970703125,2872.659912109375,15.949999809265137
2011-07-08,1343.800048828125,2859.81005859375,15.949999809265137
2011-07-11,1319.489990234375,2802.6201171875,18.389999389648438
2011-07-12,1313.6400146484375,2781.909912109375,19.8700008392334
2011-07-13,1317.719970703125,2796.919921875,19.90999984741211
2011-07-14,1308.8699951171875,2762.669921875,20.799999237060547
2011-07-15,1316.1400146484375,2789.800048828125,19.530000686645508
2011-07-18,1305.43994140625,2765.110107421875,20.950000762939453
2011-07-19,1326.72998046875,2826.52001953125,19.209999084472656
2011-07-20,1325.8399658203125,2814.22998046875,19.09000015258789
2011-07-21,1343.800048828125,2834.429931640625,17.559999465942383
2011-07-22,1345.02001953125,2858.830078125,17.520000457763672
2011-07-25,1337.4300537109375,2842.800048828125,19.350000381469727
2011-07-26,1331.93994140625,2839.9599609375,20.229999542236328
2011-07-27,1304.8900146484375,2764.7900390625,22.979999542236328
2011-07-28,1300.6700439453125,2766.25,23.739999771118164
2011-07-29,1292.280029296875,2756.3798828125,25.25
2011-08-01,1286.93994140625,2744.610107421875,23.65999984741211
2011-08-02,1254.050048828125,2669.239990234375,24.790000915527344
2011-08-03,1260.3399658203125,2693.070068359375,23.3799991607666
2011-08-04,1200.0699462890625,2556.389892578125,31.65999984741211
2011-08-05,1199.3800048828125,2532.409912109375,32.0
2011-08-08,1119.4599609375,2357.68994140625,48.0
2011-08-09,1172.530029296875,2482.52001953125,35.060001373291016
2011-08-10,1120.760009765625,2381.050048828125,42.9900016784668
2011-08-11,1172.6400146484375,2492.679931640625,39.0
2011-08-12,1178.81005859375,2507.97998046875,36.36000061035156
2011-08-15,1204.489990234375,2555.199951171875,31.8700008392334
2011-08-16,1192.760009765625,2523.449951171875,32.849998474121094
2011-08-17,1193.8900146484375,2511.47998046875,31.579999923706055
2011-08-18,1140.6500244140625,2380.429931640625,42.66999816894531
2011-08-19,1123.530029296875,2341.840087890625,43.04999923706055
2011-08-22,1123.8199462890625,2345.3798828125,42.439998626708984
2011-08-23,1162.3499755859375,2446.06005859375,36.27000045776367
2011-08-24,1177.5999755859375,2467.68994140625,35.900001525878906
2011-08-25,1159.27001953125,2419.6298828125,39.7599983215332
2011-08-26,1176.800048828125,2479.85009765625,35.59000015258789
2011-08-29,1210.0799560546875,2562.110107421875,32.279998779296875
2011-08-30,1212.9200439453125,2576.110107421875,32.88999938964844
2011-08-31,1218.8900146484375,2579.4599609375,31.6200008392334
2011-09-01,1204.4200439453125,2546.0400390625,31.81999969482422
2011-09-02,1173.969970703125,2480.330078125,33.91999816894531
2011-09-06,1165.239990234375,2473.830078125,37.0
2011-09-07,1198.6199951171875,2548.93994140625,33.380001068115234
2011-09-08,1185.9000244140625,2529.139892578125,34.31999969482422
2011-09-09,1154.22998046875,2467.989990234375,38.52000045776367
2011-09-12,1162.27001953125,2495.090087890625,38.59000015258789
2011-09-13,1172.8699951171875,2532.14990234375,36.90999984741211
2011-09-14,1188.6800537109375,2572.550048828125,34.599998474121094
2011-09-15,1209.1099853515625,2607.070068359375,31.969999313354492
2011-09-16,1216.010009765625,2622.31005859375,30.979999542236328
2011-09-19,1204.0899658203125,2612.830078125,32.72999954223633
2011-09-20,1202.0899658203125,2590.239990234375,32.86000061035156
2011-09-21,1166.760009765625,2538.18994140625,37.31999969482422
2011-09-22,1129.56005859375,2455.669921875,41.349998474121094
2011-09-23,1136.4300537109375,2483.22998046875,41.25
2011-09-26,1162.949951171875,2516.68994140625,39.02000045776367
2011-09-27,1175.3800048828125,2546.830078125,37.709999084472656
2011-09-28,1151.06005859375,2491.580078125,41.08000183105469
2011-09-29,1160.4000244140625,2480.760009765625,38.84000015258789
2011-09-30,1131.4200439453125,2415.39990234375,42.959999084472656
2011-10-03,1099.22998046875,2335.830078125,45.45000076293945
2011-10-04,1123.949951171875,2404.820068359375,40.81999969482422
2011-10-05,1144.030029296875,2460.510009765625,37.810001373291016
2011-10-06,1164.969970703125,2506.820068359375,36.27000045776367
2011-10-07,1155.4599609375,2479.35009765625,36.20000076293945
2011-10-10,1194.8900146484375,2566.050048828125,33.02000045776367
2011-10-11,1195.5400390625,2583.030029296875,32.86000061035156
2011-10-12,1207.25,2604.72998046875,31.260000228881836
2011-10-13,1203.6600341796875,2620.239990234375,30.700000762939453
2011-10-14,1224.5799560546875,2667.85009765625,28.239999771118164
2011-10-17,1200.8599853515625,2614.919921875,33.38999938964844
2011-10-18,1225.3800048828125,2657.429931640625,31.559999465942383
2011-10-19,1209.8800048828125,2604.0400390625,34.439998626708984
2011-10-20,1215.3900146484375,2598.6201171875,34.779998779296875
2011-10-21,1238.25,2637.4599609375,31.31999969482422
2011-10-24,1254.18994140625,2699.43994140625,29.260000228881836
2011-10-25,1229.050048828125,2638.419921875,32.220001220703125
2011-10-26,1242.0,2650.669921875,29.860000610351562
2011-10-27,1284.5899658203125,2738.6298828125,25.459999084472656
2011-10-28,1285.0899658203125,2737.14990234375,24.530000686645508
2011-10-31,1253.300048828125,2684.409912109375,29.959999084472656
2011-11-01,1218.280029296875,2606.9599609375,34.77000045776367
2011-11-02,1237.9000244140625,2639.97998046875,32.7400016784668
2011-11-03,1261.1500244140625,2697.969970703125,30.5
2011-11-04,1253.22998046875,2686.14990234375,30.15999984741211
2011-11-07,1261.1199951171875,2695.25,29.850000381469727
2011-11-08,1275.9200439453125,2727.489990234375,27.479999542236328
2011-11-09,1229.0999755859375,2621.64990234375,36.15999984741211
2011-11-10,1239.699951171875,2625.14990234375,32.810001373291016
2011-11-11,1263.8499755859375,2678.75,30.040000915527344
2011-11-14,1251.780029296875,2657.219970703125,31.1299991607666
2011-11-15,1257.81005859375,2686.199951171875,31.219999313354492
2011-11-16,1236.9100341796875,2639.610107421875,33.5099983215332
2011-11-17,1216.1300048828125,2587.989990234375,34.5099983215332
2011-11-18,1215.6500244140625,2572.5,32.0
2011-11-21,1192.97998046875,2523.139892578125,32.90999984741211
2011-11-22,1188.0400390625,2521.280029296875,31.969999313354492
2011-11-23,1161.7900390625,2460.080078125,33.97999954223633
2011-11-25,1158.6700439453125,2441.510009765625,34.470001220703125
2011-11-28,1192.550048828125,2527.340087890625,32.130001068115234
2011-11-29,1195.18994140625,2515.510009765625,30.639999389648438
2011-11-30,1246.9599609375,2620.340087890625,27.799999237060547
2011-12-01,1244.5799560546875,2626.199951171875,27.40999984741211
2011-12-02,1244.280029296875,2626.929931640625,27.520000457763672
2011-12-05,1257.0799560546875,2655.760009765625,27.84000015258789
2011-12-06,1258.469970703125,2649.56005859375,28.1299991607666
2011-12-07,1261.010009765625,2649.2099609375,28.670000076293945
2011-12-08,1234.3499755859375,2596.3798828125,30.59000015258789
2011-12-09,1255.18994140625,2646.85009765625,26.3799991607666
2011-12-12,1236.469970703125,2612.260009765625,25.670000076293945
2011-12-13,1225.72998046875,2579.27001953125,25.40999984741211
2011-12-14,1211.8199462890625,2539.31005859375,26.040000915527344
2011-12-15,1215.75,2541.010009765625,25.110000610351562
2011-12-16,1219.6600341796875,2555.330078125,24.290000915527344
2011-12-19,1205.3499755859375,2523.139892578125,24.920000076293945
2011-12-20,1241.300048828125,2603.72998046875,23.219999313354492
2011-12-21,1243.719970703125,2577.969970703125,21.43000030517578
2011-12-22,1254.0,2599.449951171875,21.15999984741211
2011-12-23,1265.3299560546875,2618.639892578125,20.729999542236328
2011-12-27,1265.4300537109375,2625.199951171875,21.90999984741211
2011-12-28,1249.6400146484375,2589.97998046875,23.520000457763672
2011-12-29,1263.02001953125,2613.739990234375,22.649999618530273
2011-12-30,1257.5999755859375,2605.14990234375,23.399999618530273
2012-01-03,1277.06005859375,2648.719970703125,22.969999313354492
2012-01-04,1277.300048828125,2648.360107421875,22.219999313354492
2012-01-05,1281.06005859375,2669.860107421875,21.479999542236328
2012-01-06,1277.81005859375,2674.219970703125,20.6299991607666
2012-01-09,1280.699951171875,2676.56005859375,21.06999969482422
2012-01-10,1292.0799560546875,2702.5,20.690000534057617
2012-01-11,1292.47998046875,2710.760009765625,21.049999237060547
2012-01-12,1295.5,2724.699951171875,20.469999313354492
2012-01-13,1289.0899658203125,2710.669921875,20.90999984741211
2012-01-17,1293.6700439453125,2728.080078125,22.200000762939453
2012-01-18,1308.0400390625,2769.7099609375,20.889999389648438
2012-01-19,1314.5,2788.330078125,19.8700008392334
2012-01-20,1315.3800048828125,2786.699951171875,18.280000686645508
2012-01-23,1316.0,2784.169921875,18.670000076293945
2012-01-24,1314.6500244140625,2786.639892578125,18.90999984741211
2012-01-25,1326.06005859375,2818.31005859375,18.309999465942383
2012-01-26,1318.4300537109375,2805.280029296875,18.56999969482422
2012-01-27,1316.3299560546875,2816.550048828125,18.530000686645508
2012-01-30,1313.010009765625,2811.93994140625,19.399999618530273
2012-01-31,1312.4100341796875,2813.840087890625,19.440000534057617
2012-02-01,1324.0899658203125,2848.27001953125,18.549999237060547
2012-02-02,1325.5400390625,2859.679931640625,17.979999542236328
2012-02-03,1344.9000244140625,2905.659912109375,17.100000381469727
2012-02-06,1344.3299560546875,2901.989990234375,17.760000228881836
2012-02-07,1347.050048828125,2904.080078125,17.649999618530273
2012-02-08,1349.9599609375,2915.860107421875,18.15999984741211
2012-02-09,1351.949951171875,2927.22998046875,18.6299991607666
2012-02-10,1342.6400146484375,2903.8798828125,20.790000915527344
2012-02-13,1351.77001953125,2931.389892578125,19.040000915527344
2012-02-14,1350.5,2931.830078125,19.540000915527344
2012-02-15,1343.22998046875,2915.830078125,21.139999389648438
2012-02-16,1358.0400390625,2959.85009765625,19.219999313354492
2012-02-17,1361.22998046875,2951.780029296875,17.780000686645508
2012-02-21,1362.2099609375,2948.570068359375,18.190000534057617
2012-02-22,1357.6600341796875,2933.169921875,18.190000534057617
2012-02-23,1363.4599609375,2956.97998046875,16.799999237060547
2012-02-24,1365.739990234375,2963.75,17.309999465942383
2012-02-27,1367.5899658203125,2966.159912109375,18.190000534057617
2012-02-28,1372.1800537109375,2986.760009765625,17.959999084472656
2012-02-29,1365.6800537109375,2966.889892578125,18.43000030517578
2012-03-01,1374.0899658203125,2988.969970703125,17.260000228881836
2012-03-02,1369.6300048828125,2976.18994140625,17.290000915527344
2012-03-05,1364.3299560546875,2950.47998046875,18.049999237060547
2012-03-06,1343.3599853515625,2910.320068359375,20.8700008392334
2012-03-07,1352.6300048828125,2935.68994140625,19.06999969482422
2012-03-08,1365.9100341796875,2970.419921875,17.950000762939453
2012-03-09,1370.8699951171875,2988.340087890625,17.110000610351562
2012-03-12,1371.0899658203125,2983.659912109375,15.640000343322754
2012-03-13,1395.949951171875,3039.8798828125,14.800000190734863
2012-03-14,1394.280029296875,3040.72998046875,15.3100004196167
2012-03-15,1402.5999755859375,3056.3701171875,15.420000076293945
2012-03-16,1404.1700439453125,3055.260009765625,14.470000267028809
2012-03-19,1409.75,3078.320068359375,15.039999961853027
2012-03-20,1405.52001953125,3074.14990234375,15.579999923706055
2012-03-21,1402.8900146484375,3075.320068359375,15.130000114440918
2012-03-22,1392.780029296875,3063.320068359375,15.569999694824219
2012-03-23,1397.1099853515625,3067.919921875,14.819999694824219
2012-03-26,1416.510009765625,3122.570068359375,14.260000228881836
2012-03-27,1412.52001953125,3120.35009765625,15.59000015258789
2012-03-28,1405.5400390625,3104.9599609375,15.470000267028809
2012-03-29,1403.280029296875,3095.360107421875,15.479999542236328
2012-03-30,1408.469970703125,3091.570068359375,15.5
2012-04-02,1419.0400390625,3119.699951171875,15.640000343322754
2012-04-03,1413.3800048828125,3113.570068359375,15.65999984741211
2012-04-04,1398.9599609375,3068.090087890625,16.440000534057617
2012-04-05,1398.0799560546875,3080.5,16.700000762939453
2012-04-09,1382.199951171875,3047.080078125,18.809999465942383
2012-04-10,1358.5899658203125,2991.219970703125,20.389999389648438
2012-04-11,1368.7099609375,3016.4599609375,20.020000457763672
2012-04-12,1387.5699462890625,3055.550048828125,17.200000762939453
2012-04-13,1370.260009765625,3011.330078125,19.549999237060547
2012-04-16,1369.5699462890625,2988.39990234375,19.549999237060547
2012-04-17,1390.780029296875,3042.820068359375,18.459999084472656
2012-04-18,1385.1400146484375,3031.449951171875,18.639999389648438
2012-04-19,1376.9200439453125,3007.56005859375,18.360000610351562
2012-04-20,1378.530029296875,3000.449951171875,17.440000534057617
2012-04-23,1366.93994140625,2970.449951171875,18.969999313354492
2012-04-24,1371.969970703125,2961.60009765625,18.100000381469727
2012-04-25,1390.68994140625,3029.6298828125,16.81999969482422
2012-04-26,1399.97998046875,3050.610107421875,16.239999771118164
2012-04-27,1403.3599853515625,3069.199951171875,16.31999969482422
2012-04-30,1397.9100341796875,3046.360107421875,17.149999618530273
2012-05-01,1405.8199462890625,3050.43994140625,16.600000381469727
2012-05-02,1402.31005859375,3059.85009765625,16.8799991607666
2012-05-03,1391.5699462890625,3024.300048828125,17.559999465942383
2012-05-04,1369.0999755859375,2956.340087890625,19.15999984741211
2012-05-07,1369.5799560546875,2957.760009765625,18.940000534057617
2012-05-08,1363.719970703125,2946.27001953125,19.049999237060547
2012-05-09,1354.5799560546875,2934.7099609375,20.079999923706055
2012-05-10,1357.989990234375,2933.639892578125,18.829999923706055
2012-05-11,1353.3900146484375,2933.820068359375,19.889999389648438
2012-05-14,1338.3499755859375,2902.580078125,21.8700008392334
2012-05-15,1330.6600341796875,2893.760009765625,21.969999313354492
2012-05-16,1324.800048828125,2874.0400390625,22.270000457763672
2012-05-17,1304.8599853515625,2813.68994140625,24.489999771118164
2012-05-18,1295.219970703125,2778.7900390625,25.100000381469727
2012-05-21,1315.989990234375,2847.2099609375,22.010000228881836
2012-05-22,1316.6300048828125,2839.080078125,22.479999542236328
2012-05-23,1318.8599853515625,2850.1201171875,22.329999923706055
2012-05-24,1320.6800537109375,2839.3798828125,21.540000915527344
2012-05-25,1317.8199462890625,2837.530029296875,21.760000228881836
2012-05-29,1332.4200439453125,2870.989990234375,21.030000686645508
2012-05-30,1313.3199462890625,2837.360107421875,24.139999389648438
2012-05-31,1310.3299560546875,2827.340087890625,24.059999465942383
2012-06-01,1278.0400390625,2747.47998046875,26.65999984741211
2012-06-04,1278.1800537109375,2760.010009765625,26.1200008392334
2012-06-05,1285.5,2778.110107421875,24.68000030517578
2012-06-06,1315.1300048828125,2844.719970703125,22.15999984741211
2012-06-07,1314.989990234375,2831.02001953125,21.719999313354492
2012-06-08,1325.6600341796875,2858.419921875,21.229999542236328
2012-06-11,1308.9300537109375,2809.72998046875,23.559999465942383
2012-06-12,1324.1800537109375,2843.070068359375,22.09000015258789
2012-06-13,1314.8800048828125,2818.610107421875,24.270000457763672
2012-06-14,1329.0999755859375,2836.330078125,21.68000030517578
2012-06-15,1342.8399658203125,2872.800048828125,21.110000610351562
2012-06-18,1344.780029296875,2895.330078125,18.31999969482422
2012-06-19,1357.97998046875,2929.760009765625,18.3799991607666
2012-06-20,1355.68994140625,2930.449951171875,17.239999771118164
2012-06-21,1325.510009765625,2859.090087890625,20.079999923706055
2012-06-22,1335.02001953125,2892.419921875,18.110000610351562
2012-06-25,1313.719970703125,2836.159912109375,20.3799991607666
2012-06-26,1319.989990234375,2854.06005859375,19.719999313354492
2012-06-27,1331.8499755859375,2875.320068359375,19.450000762939453
2012-06-28,1329.0400390625,2849.489990234375,19.709999084472656
2012-06-29,1362.1600341796875,2935.050048828125,17.079999923706055
2012-07-02,1365.510009765625,2951.22998046875,16.799999237060547
2012-07-03,1374.02001953125,2976.080078125,16.65999984741211
2012-07-05,1367.5799560546875,2976.1201171875,17.5
2012-07-06,1354.6800537109375,2937.330078125,17.100000381469727
2012-07-09,1352.4599609375,2931.77001953125,17.979999542236328
2012-07-10,1341.469970703125,2902.330078125,18.719999313354492
2012-07-11,1341.449951171875,2887.97998046875,17.950000762939453
2012-07-12,1334.760009765625,2866.18994140625,18.329999923706055
2012-07-13,1356.780029296875,2908.469970703125,16.739999771118164
2012-07-16,1353.6400146484375,2896.93994140625,17.110000610351562
2012-07-17,1363.6700439453125,2910.0400390625,16.479999542236328
2012-07-18,1372.780029296875,2942.60009765625,16.15999984741211
2012-07-19,1376.510009765625,2965.89990234375,15.449999809265137
2012-07-20,1362.6600341796875,2925.300048828125,16.270000457763672
2012-07-23,1350.52001953125,2890.14990234375,18.6200008392334
2012-07-24,1338.31005859375,2862.989990234375,20.469999313354492
2012-07-25,1337.8900146484375,2854.239990234375,19.34000015258789
2012-07-26,1360.02001953125,2893.25,17.530000686645508
2012-07-27,1385.969970703125,2958.090087890625,16.700000762939453
2012-07-30,1385.300048828125,2945.840087890625,18.030000686645508
2012-07-31,1379.3199462890625,2939.52001953125,18.93000030517578
2012-08-01,1375.3199462890625,2920.2099609375,18.959999084472656
2012-08-02,1365.0,2909.77001953125,17.56999969482422
2012-08-03,1390.989990234375,2967.89990234375,15.640000343322754
2012-08-06,1394.22998046875,2989.909912109375,15.949999809265137
2012-08-07,1401.3499755859375,3015.860107421875,15.989999771118164
2012-08-08,1402.219970703125,3011.25,15.319999694824219
2012-08-09,1402.800048828125,3018.639892578125,15.279999732971191
2012-08-10,1405.8699951171875,3020.860107421875,14.739999771118164
2012-08-13,1404.1099853515625,3022.52001953125,13.699999809265137
2012-08-14,1403.9300537109375,3016.97998046875,14.850000381469727
2012-08-15,1405.530029296875,3030.929931640625,14.630000114440918
2012-08-16,1415.510009765625,3062.389892578125,14.289999961853027
2012-08-17,1418.1600341796875,3076.590087890625,13.449999809265137
2012-08-20,1418.1300048828125,3076.2099609375,14.020000457763672
2012-08-21,1413.1700439453125,3067.260009765625,15.020000457763672
2012-08-22,1413.489990234375,3073.669921875,15.109999656677246
2012-08-23,1402.0799560546875,3053.39990234375,15.960000038146973
2012-08-24,1411.1300048828125,3069.7900390625,15.180000305175781
2012-08-27,1410.43994140625,3073.18994140625,16.350000381469727
2012-08-28,1409.300048828125,3077.139892578125,16.489999771118164
2012-08-29,1410.489990234375,3081.18994140625,17.059999465942383
2012-08-30,1399.47998046875,3048.7099609375,17.829999923706055
2012-08-31,1406.5799560546875,3066.9599609375,17.469999313354492
2012-09-04,1404.93994140625,3075.06005859375,17.979999542236328
2012-09-05,1403.43994140625,3069.27001953125,17.739999771118164
2012-09-06,1432.1199951171875,3135.81005859375,15.600000381469727
2012-09-07,1437.9200439453125,3136.419921875,14.380000114440918
2012-09-10,1429.0799560546875,3104.02001953125,16.280000686645508
2012-09-11,1433.56005859375,3104.530029296875,16.40999984741211
2012-09-12,1436.56005859375,3114.31005859375,15.800000190734863
2012-09-13,1459.989990234375,3155.830078125,14.050000190734863
2012-09-14,1465.77001953125,3183.949951171875,14.510000228881836
2012-09-17,1461.18994140625,3178.669921875,14.59000015258789
2012-09-18,1459.3199462890625,3177.800048828125,14.180000305175781
2012-09-19,1461.050048828125,3182.6201171875,13.880000114440918
2012-09-20,1460.260009765625,3175.9599609375,14.069999694824219
2012-09-21,1460.1500244140625,3179.9599609375,13.979999542236328
2012-09-24,1456.8900146484375,3160.780029296875,14.149999618530273
2012-09-25,1441.5899658203125,3117.72998046875,15.430000305175781
2012-09-26,1433.3199462890625,3093.699951171875,16.809999465942383
2012-09-27,1447.1500244140625,3136.60009765625,14.84000015258789
2012-09-28,1440.6700439453125,3116.22998046875,15.729999542236328
2012-10-01,1444.489990234375,3113.530029296875,16.31999969482422
2012-10-02,1445.75,3120.0400390625,15.710000038146973
2012-10-03,1450.989990234375,3135.22998046875,15.430000305175781
2012-10-04,1461.4000244140625,3149.4599609375,14.550000190734863
2012-10-05,1460.9300537109375,3136.18994140625,14.329999923706055
2012-10-08,1455.8800048828125,3112.35009765625,15.109999656677246
2012-10-09,1441.47998046875,3065.02001953125,16.3700008392334
2012-10-10,1432.56005859375,3051.780029296875,16.290000915527344
2012-10-11,1432.8399658203125,3049.409912109375,15.59000015258789
2012-10-12,1428.5899658203125,3044.110107421875,16.139999389648438
2012-10-15,1440.1300048828125,3064.179931640625,15.270000457763672
2012-10-16,1454.9200439453125,3101.169921875,15.220000267028809
2012-10-17,1460.9100341796875,3104.1201171875,15.069999694824219
2012-10-18,1457.3399658203125,3072.8701171875,15.029999732971191
2012-10-19,1433.18994140625,3005.6201171875,17.059999465942383
2012-10-22,1433.8199462890625,3016.9599609375,16.6200008392334
2012-10-23,1413.1099853515625,2990.4599609375,18.829999923706055
2012-10-24,1408.75,2981.699951171875,18.329999923706055
2012-10-25,1412.969970703125,2986.1201171875,18.1200008392334
2012-10-26,1411.93994140625,2987.949951171875,17.809999465942383
2012-10-31,1412.1600341796875,2977.22998046875,18.600000381469727
2012-11-01,1427.5899658203125,3020.06005859375,16.690000534057617
2012-11-02,1414.199951171875,2982.1298828125,17.59000015258789
2012-11-05,1417.260009765625,2999.659912109375,18.420000076293945
2012-11-06,1428.3900146484375,3011.929931640625,17.579999923706055
2012-11-07,1394.530029296875,2937.2900390625,19.079999923706055
2012-11-08,1377.510009765625,2895.580078125,18.489999771118164
2012-11-09,1379.8499755859375,2904.8701171875,18.610000610351562
2012-11-12,1380.030029296875,2904.25,16.68000030517578
2012-11-13,1374.530029296875,2883.889892578125,16.649999618530273
2012-11-14,1355.489990234375,2846.81005859375,17.920000076293945
2012-11-15,1353.3299560546875,2836.93994140625,17.989999771118164
2012-11-16,1359.8800048828125,2853.1298828125,16.40999984741211
2012-11-19,1386.8900146484375,2916.070068359375,15.239999771118164
2012-11-20,1387.81005859375,2916.679931640625,15.079999923706055
2012-11-21,1391.030029296875,2926.550048828125,15.3100004196167
2012-11-23,1409.1500244140625,2966.85009765625,15.140000343322754
2012-11-26,1406.2900390625,2976.780029296875,15.5
2012-11-27,1398.93994140625,2967.7900390625,15.920000076293945
2012-11-28,1409.9300537109375,2991.780029296875,15.510000228881836
2012-11-29,1415.949951171875,3012.030029296875,15.0600004196167
2012-11-30,1416.1800537109375,3010.239990234375,15.869999885559082
2012-12-03,1409.4599609375,3002.199951171875,16.639999389648438
2012-12-04,1407.050048828125,2996.68994140625,17.1200008392334
2012-12-05,1409.280029296875,2973.699951171875,16.459999084472656
2012-12-06,1413.93994140625,2989.27001953125,16.579999923706055
2012-12-07,1418.0699462890625,2978.0400390625,15.899999618530273
2012-12-10,1418.550048828125,2986.9599609375,16.049999237060547
2012-12-11,1427.8399658203125,3022.300048828125,15.569999694824219
2012-12-12,1428.47998046875,3013.81005859375,15.949999809265137
2012-12-13,1419.449951171875,2992.159912109375,16.559999465942383
2012-12-14,1413.5799560546875,2971.330078125,17.0
2012-12-17,1430.3599853515625,3010.60009765625,16.34000015258789
2012-12-18,1446.7900390625,3054.530029296875,15.569999694824219
2012-12-19,1435.81005859375,3044.360107421875,17.360000610351562
2012-12-20,1443.68994140625,3050.389892578125,17.670000076293945
2012-12-21,1430.1500244140625,3021.010009765625,17.84000015258789
2012-12-24,1426.6600341796875,3012.60009765625,17.84000015258789
2012-12-26,1419.8299560546875,2990.159912109375,19.479999542236328
2012-12-27,1418.0999755859375,2985.909912109375,19.469999313354492
2012-12-28,1402.4300537109375,2960.31005859375,22.719999313354492
2012-12-31,1426.18994140625,3019.510009765625,18.020000457763672
2013-01-02,1462.4200439453125,3112.260009765625,14.680000305175781
2013-01-03,1459.3699951171875,3100.570068359375,14.5600004196167
2013-01-04,1466.469970703125,3101.659912109375,13.829999923706055
2013-01-07,1461.8900146484375,3098.81005859375,13.789999961853027
2013-01-08,1457.1500244140625,3091.81005859375,13.619999885559082
2013-01-09,1461.02001953125,3105.81005859375,13.8100004196167
2013-01-10,1472.1199951171875,3121.760009765625,13.489999771118164
2013-01-11,1472.050048828125,3125.6298828125,13.359999656677246
2013-01-14,1470.6800537109375,3117.5,13.520000457763672
2013-01-15,1472.3399658203125,3110.780029296875,13.550000190734863
2013-01-16,1472.6300048828125,3117.5400390625,13.420000076293945
2013-01-17,1480.93994140625,3136.0,13.569999694824219
2013-01-18,1485.97998046875,3134.7099609375,12.460000038146973
2013-01-22,1492.56005859375,3143.179931640625,12.430000305175781
2013-01-23,1494.81005859375,3153.669921875,12.460000038146973
2013-01-24,1494.8199462890625,3130.3798828125,12.6899995803833
2013-01-25,1502.9599609375,3149.7099609375,12.890000343322754
2013-01-28,1500.1800537109375,3154.300048828125,13.569999694824219
2013-01-29,1507.8399658203125,3153.659912109375,13.3100004196167
2013-01-30,1501.9599609375,3142.31005859375,14.319999694824219
2013-01-31,1498.1099853515625,3142.1298828125,14.279999732971191
2013-02-01,1513.1700439453125,3179.10009765625,12.899999618530273
2013-02-04,1495.7099609375,3131.169921875,14.670000076293945
2013-02-05,1511.2900390625,3171.580078125,13.720000267028809
2013-02-06,1512.1199951171875,3168.47998046875,13.40999984741211
2013-02-07,1509.3900146484375,3165.1298828125,13.5
2013-02-08,1517.9300537109375,3193.8701171875,13.020000457763672
2013-02-11,1517.010009765625,3192.0,12.9399995803833
2013-02-12,1519.4300537109375,3186.489990234375,12.640000343322754
2013-02-13,1520.3299560546875,3196.8798828125,12.979999542236328
2013-02-14,1521.3800048828125,3198.659912109375,12.65999984741211
2013-02-15,1519.7900390625,3192.030029296875,12.460000038146973
2013-02-19,1530.93994140625,3213.590087890625,12.3100004196167
2013-02-20,1511.949951171875,3164.409912109375,14.680000305175781
2013-02-21,1502.4200439453125,3131.489990234375,15.220000267028809
2013-02-22,1515.5999755859375,3161.820068359375,14.170000076293945
2013-02-25,1487.8499755859375,3116.25,18.989999771118164
2013-02-26,1496.93994140625,3129.64990234375,16.8700008392334
2013-02-27,1515.989990234375,3162.260009765625,14.729999542236328
2013-02-28,1514.6800537109375,3160.18994140625,15.510000228881836
2013-03-01,1518.199951171875,3169.739990234375,15.359999656677246
2013-03-04,1525.199951171875,3182.030029296875,14.010000228881836
2013-03-05,1539.7900390625,3224.1298828125,13.479999542236328
2013-03-06,1541.4599609375,3222.3701171875,13.529999732971191
2013-03-07,1544.260009765625,3232.090087890625,13.0600004196167
2013-03-08,1551.1800537109375,3244.3701171875,12.59000015258789
2013-03-11,1556.219970703125,3252.8701171875,11.5600004196167
2013-03-12,1552.47998046875,3242.320068359375,12.270000457763672
2013-03-13,1554.52001953125,3245.1201171875,11.829999923706055
2013-03-14,1563.22998046875,3258.929931640625,11.300000190734863
2013-03-15,1560.699951171875,3249.070068359375,11.300000190734863
2013-03-18,1552.0999755859375,3237.590087890625,13.359999656677246
2013-03-19,1548.3399658203125,3229.10009765625,14.390000343322754
2013-03-20,1558.7099609375,3254.18994140625,12.670000076293945
2013-03-21,1545.800048828125,3222.60009765625,13.989999771118164
2013-03-22,1556.8900146484375,3245.0,13.569999694824219
2013-03-25,1551.68994140625,3235.300048828125,13.739999771118164
2013-03-26,1563.77001953125,3252.47998046875,12.770000457763672
2013-03-27,1562.8499755859375,3256.52001953125,13.149999618530273
2013-03-28,1569.18994140625,3267.52001953125,12.699999809265137
2013-04-01,1562.1700439453125,3239.169921875,13.579999923706055
2013-04-02,1570.25,3254.860107421875,12.779999732971191
2013-04-03,1553.68994140625,3218.60009765625,14.210000038146973
2013-04-04,1559.97998046875,3224.97998046875,13.890000343322754
2013-04-05,1553.280029296875,3203.860107421875,13.920000076293945
2013-04-08,1563.0699462890625,3222.25,13.1899995803833
2013-04-09,1568.6099853515625,3237.860107421875,12.84000015258789
2013-04-10,1587.72998046875,3297.25,12.359999656677246
2013-04-11,1593.3699951171875,3300.159912109375,12.239999771118164
2013-04-12,1588.8499755859375,3294.949951171875,12.0600004196167
2013-04-15,1552.3599853515625,3216.489990234375,17.270000457763672
2013-04-16,1574.5699462890625,3264.6298828125,13.960000038146973
2013-04-17,1552.010009765625,3204.669921875,16.510000228881836
2013-04-18,1541.6099853515625,3166.360107421875,17.559999465942383
2013-04-19,1555.25,3206.06005859375,14.970000267028809
2013-04-22,1562.5,3233.550048828125,14.390000343322754
2013-04-23,1578.780029296875,3269.330078125,13.479999542236328
2013-04-24,1578.7900390625,3269.64990234375,13.609999656677246
2013-04-25,1585.1600341796875,3289.989990234375,13.619999885559082
2013-04-26,1582.239990234375,3279.260009765625,13.609999656677246
2013-04-29,1593.6099853515625,3307.02001953125,13.710000038146973
2013-04-30,1597.5699462890625,3328.7900390625,13.520000457763672
2013-05-01,1582.699951171875,3299.1298828125,14.489999771118164
2013-05-02,1597.5899658203125,3340.6201171875,13.59000015258789
2013-05-03,1614.4200439453125,3378.6298828125,12.850000381469727
2013-05-06,1617.5,3392.969970703125,12.65999984741211
2013-05-07,1625.9599609375,3396.6298828125,12.829999923706055
2013-05-08,1632.68994140625,3413.27001953125,12.65999984741211
2013-05-09,1626.6700439453125,3409.169921875,13.130000114440918
2013-05-10,1633.699951171875,3436.580078125,12.59000015258789
2013-05-13,1633.77001953125,3438.7900390625,12.550000190734863
2013-05-14,1650.3399658203125,3462.610107421875,12.770000457763672
2013-05-15,1658.780029296875,3471.6201171875,12.8100004196167
2013-05-16,1650.469970703125,3465.239990234375,13.069999694824219
2013-05-17,1667.469970703125,3498.969970703125,12.449999809265137
2013-05-20,1666.2900390625,3496.429931640625,13.020000457763672
2013-05-21,1669.1600341796875,3502.1201171875,13.369999885559082
2013-05-22,1655.3499755859375,3463.300048828125,13.819999694824219
2013-05-23,1650.510009765625,3459.419921875,14.069999694824219
2013-05-24,1649.5999755859375,3459.139892578125,13.989999771118164
2013-05-28,1660.06005859375,3488.889892578125,14.479999542236328
2013-05-29,1648.3599853515625,3467.52001953125,14.829999923706055
2013-05-30,1654.4100341796875,3491.300048828125,14.529999732971191
2013-05-31,1630.739990234375,3455.909912109375,16.299999237060547
2013-06-03,1640.4200439453125,3465.3701171875,16.280000686645508
2013-06-04,1631.3800048828125,3445.260009765625,16.270000457763672
2013-06-05,1608.9000244140625,3401.47998046875,17.5
2013-06-06,1622.56005859375,3424.050048828125,16.6299991607666
2013-06-07,1643.3800048828125,3469.219970703125,15.140000343322754
2013-06-10,1642.81005859375,3473.77001953125,15.4399995803833
2013-06-11,1626.1300048828125,3436.949951171875,17.06999969482422
2013-06-12,1612.52001953125,3400.429931640625,18.59000015258789
2013-06-13,1636.3599853515625,3445.360107421875,16.40999984741211
2013-06-14,1626.72998046875,3423.56005859375,17.149999618530273
2013-06-17,1639.0400390625,3452.1298828125,16.799999237060547
2013-06-18,1651.81005859375,3482.179931640625,16.610000610351562
2013-06-19,1628.9300537109375,3443.199951171875,16.639999389648438
2013-06-20,1588.18994140625,3364.639892578125,20.489999771118164
2013-06-21,1592.4300537109375,3357.25,18.899999618530273
2013-06-24,1573.0899658203125,3320.760009765625,20.110000610351562
2013-06-25,1588.030029296875,3347.889892578125,18.469999313354492
2013-06-26,1603.260009765625,3376.219970703125,17.209999084472656
2013-06-27,1613.199951171875,3401.860107421875,16.860000610351562
2013-06-28,1606.280029296875,3403.25,16.860000610351562
2013-07-01,1614.9599609375,3434.489990234375,16.3700008392334
2013-07-02,1614.0799560546875,3433.39990234375,16.440000534057617
2013-07-03,1615.4100341796875,3443.669921875,16.200000762939453
2013-07-05,1631.8900146484375,3479.3798828125,14.890000343322754
2013-07-08,1640.4599609375,3484.830078125,14.779999732971191
2013-07-09,1652.3199462890625,3504.260009765625,14.350000381469727
2013-07-10,1652.6199951171875,3520.760009765625,14.210000038146973
2013-07-11,1675.02001953125,3578.300048828125,14.010000228881836
2013-07-12,1680.18994140625,3600.080078125,13.84000015258789
2013-07-15,1682.5,3607.489990234375,13.789999961853027
2013-07-16,1676.260009765625,3598.5,14.420000076293945
2013-07-17,1680.9100341796875,3610.0,13.779999732971191
2013-07-18,1689.3699951171875,3611.280029296875,13.770000457763672
2013-07-19,1692.0899658203125,3587.610107421875,12.539999961853027
2013-07-22,1695.530029296875,3600.389892578125,12.289999961853027
2013-07-23,1692.3900146484375,3579.27001953125,12.65999984741211
2013-07-24,1685.93994140625,3579.60009765625,13.180000305175781
2013-07-25,1690.25,3605.18994140625,12.970000267028809
2013-07-26,1691.6500244140625,3613.159912109375,12.720000267028809
2013-07-29,1685.3299560546875,3599.139892578125,13.390000343322754
2013-07-30,1685.9599609375,3616.469970703125,13.390000343322754
2013-07-31,1685.72998046875,3626.3701171875,13.449999809265137
2013-08-01,1706.8699951171875,3675.739990234375,12.9399995803833
2013-08-02,1709.6700439453125,3689.590087890625,11.979999542236328
2013-08-05,1707.1400146484375,3692.949951171875,11.84000015258789
2013-08-06,1697.3699951171875,3665.77001953125,12.720000267028809
2013-08-07,1690.9100341796875,3654.010009765625,12.979999542236328
2013-08-08,1697.47998046875,3669.1201171875,12.729999542236328
2013-08-09,1691.4200439453125,3660.110107421875,13.40999984741211
2013-08-12,1689.469970703125,3669.949951171875,12.8100004196167
2013-08-13,1694.1600341796875,3684.43994140625,12.3100004196167
2013-08-14,1685.3900146484375,3669.27001953125,13.039999961853027
2013-08-15,1661.3199462890625,3606.1201171875,14.729999542236328
2013-08-16,1655.8299560546875,3602.780029296875,14.369999885559082
2013-08-19,1646.06005859375,3589.090087890625,15.100000381469727
2013-08-20,1652.3499755859375,3613.590087890625,14.90999984741211
2013-08-21,1642.800048828125,3599.7900390625,15.9399995803833
2013-08-22,1656.9599609375,3638.7099609375,14.760000228881836
2013-08-23,1663.5,3657.7900390625,13.979999542236328
2013-08-26,1656.780029296875,3657.570068359375,14.989999771118164
2013-08-27,1630.47998046875,3578.52001953125,16.770000457763672
2013-08-28,1634.9599609375,3593.35009765625,16.489999771118164
2013-08-29,1638.1700439453125,3620.300048828125,16.809999465942383
2013-08-30,1632.969970703125,3589.8701171875,17.010000228881836
2013-09-03,1639.77001953125,3612.610107421875,16.610000610351562
2013-09-04,1653.0799560546875,3649.0400390625,15.880000114440918
2013-09-05,1655.0799560546875,3658.780029296875,15.770000457763672
2013-09-06,1655.1700439453125,3660.010009765625,15.850000381469727
2013-09-09,1671.7099609375,3706.179931640625,15.630000114440918
2013-09-10,1683.989990234375,3729.02001953125,14.529999732971191
2013-09-11,1689.1300048828125,3725.010009765625,13.819999694824219
2013-09-12,1683.4200439453125,3715.969970703125,14.289999961853027
2013-09-13,1687.989990234375,3722.179931640625,14.15999984741211
2013-09-16,1697.5999755859375,3717.85009765625,14.380000114440918
2013-09-17,1704.760009765625,3745.699951171875,14.529999732971191
2013-09-18,1725.52001953125,3783.639892578125,13.59000015258789
2013-09-19,1722.3399658203125,3789.3798828125,13.15999984741211
2013-09-20,1709.9100341796875,3774.72998046875,13.119999885559082
2013-09-23,1701.8399658203125,3765.2900390625,14.3100004196167
2013-09-24,1697.4200439453125,3768.25,14.079999923706055
2013-09-25,1692.77001953125,3761.10009765625,14.010000228881836
2013-09-26,1698.6700439453125,3787.429931640625,14.0600004196167
2013-09-27,1691.75,3781.590087890625,15.460000038146973
2013-09-30,1681.550048828125,3771.47998046875,16.600000381469727
2013-10-01,1695.0,3817.97998046875,15.539999961853027
2013-10-02,1693.8699951171875,3815.02001953125,16.600000381469727
2013-10-03,1678.6600341796875,3774.340087890625,17.670000076293945
2013-10-04,1690.5,3807.75,16.739999771118164
2013-10-07,1676.1199951171875,3770.3798828125,19.40999984741211
2013-10-08,1655.449951171875,3694.830078125,20.34000015258789
2013-10-09,1656.4000244140625,3677.780029296875,19.600000381469727
2013-10-10,1692.56005859375,3760.75,16.479999542236328
2013-10-11,1703.199951171875,3791.8701171875,15.720000267028809
2013-10-14,1710.1400146484375,3815.280029296875,16.06999969482422
2013-10-15,1698.06005859375,3794.010009765625,18.65999984741211
2013-10-16,1721.5400390625,3839.429931640625,14.710000038146973
2013-10-17,1733.1500244140625,3863.14990234375,13.479999542236328
2013-10-18,1744.5,3914.280029296875,13.039999961853027
2013-10-21,1744.6600341796875,3920.050048828125,13.15999984741211
2013-10-22,1754.6700439453125,3929.570068359375,13.329999923706055
2013-10-23,1746.3800048828125,3907.070068359375,13.420000076293945
2013-10-24,1752.0699462890625,3928.9599609375,13.199999809265137
2013-10-25,1759.77001953125,3943.360107421875,13.09000015258789
2013-10-28,1762.1099853515625,3940.1298828125,13.3100004196167
2013-10-29,1771.949951171875,3952.340087890625,13.40999984741211
2013-10-30,1763.31005859375,3930.6201171875,13.649999618530273
2013-10-31,1756.5400390625,3919.7099609375,13.75
2013-11-01,1761.6400146484375,3922.0400390625,13.279999732971191
2013-11-04,1767.9300537109375,3936.590087890625,12.930000305175781
2013-11-05,1762.969970703125,3939.860107421875,13.270000457763672
2013-11-06,1770.489990234375,3931.949951171875,12.670000076293945
2013-11-07,1747.1500244140625,3857.330078125,13.90999984741211
2013-11-08,1770.6099853515625,3919.22998046875,12.899999618530273
2013-11-11,1771.8900146484375,3919.7900390625,12.529999732971191
2013-11-12,1767.68994140625,3919.919921875,12.819999694824219
2013-11-13,1782.0,3965.580078125,12.520000457763672
2013-11-14,1790.6199951171875,3972.739990234375,12.369999885559082
2013-11-15,1798.1800537109375,3985.969970703125,12.1899995803833
2013-11-18,1791.530029296875,3949.070068359375,13.100000381469727
2013-11-19,1787.8699951171875,3931.550048828125,13.390000343322754
2013-11-20,1781.3699951171875,3921.27001953125,13.399999618530273
2013-11-21,1795.8499755859375,3969.159912109375,12.65999984741211
2013-11-22,1804.760009765625,3991.64990234375,12.260000228881836
2013-11-25,1802.47998046875,3994.570068359375,12.789999961853027
2013-11-26,1802.75,4017.75,12.8100004196167
2013-11-27,1807.22998046875,4044.75,12.979999542236328
2013-11-29,1805.81005859375,4059.889892578125,13.699999809265137
2013-12-02,1800.9000244140625,4045.260009765625,14.229999542236328
2013-12-03,1795.1500244140625,4037.199951171875,14.550000190734863
2013-12-04,1792.81005859375,4038.0,14.699999809265137
2013-12-05,1785.030029296875,4033.169921875,15.079999923706055
2013-12-06,1805.0899658203125,4062.52001953125,13.789999961853027
2013-12-09,1808.3699951171875,4068.75,13.489999771118164
2013-12-10,1802.6199951171875,4060.489990234375,13.90999984741211
2013-12-11,1782.219970703125,4003.81005859375,15.420000076293945
2013-12-12,1775.5,3998.39990234375,15.539999961853027
2013-12-13,1775.3199462890625,4000.97998046875,15.760000228881836
2013-12-16,1786.5400390625,4029.52001953125,16.030000686645508
2013-12-17,1781.0,4023.679931640625,16.209999084472656
2013-12-18,1810.6500244140625,4070.06005859375,13.800000190734863
2013-12-19,1809.5999755859375,4058.139892578125,14.149999618530273
2013-12-20,1818.3199462890625,4104.740234375,13.789999961853027
2013-12-23,1827.989990234375,4148.89990234375,13.039999961853027
2013-12-24,1833.3199462890625,4155.419921875,12.479999542236328
2013-12-26,1842.02001953125,4167.18017578125,12.329999923706055
2013-12-27,1841.4000244140625,4156.58984375,12.460000038146973
2013-12-30,1841.0699462890625,4154.2001953125,13.5600004196167
2013-12-31,1848.3599853515625,4176.58984375,13.720000267028809
2014-01-02,1831.97998046875,4143.06982421875,14.229999542236328
2014-01-03,1831.3699951171875,4131.91015625,13.760000228881836
2014-01-06,1826.77001953125,4113.68017578125,13.550000190734863
2014-01-07,1837.8800048828125,4153.18017578125,12.920000076293945
2014-01-08,1837.489990234375,4165.60986328125,12.869999885559082
2014-01-09,1838.1300048828125,4156.18994140625,12.890000343322754
2014-01-10,1842.3699951171875,4174.669921875,12.140000343322754
2014-01-13,1819.199951171875,4113.2998046875,13.279999732971191
2014-01-14,1838.8800048828125,4183.02001953125,12.279999732971191
2014-01-15,1848.3800048828125,4214.8798828125,12.279999732971191
2014-01-16,1845.8900146484375,4218.68994140625,12.529999732971191
2014-01-17,1838.699951171875,4197.580078125,12.4399995803833
2014-01-21,1843.800048828125,4225.759765625,12.869999885559082
2014-01-22,1844.8599853515625,4243.0,12.84000015258789
2014-01-23,1828.4599609375,4218.8798828125,13.770000457763672
2014-01-24,1790.2900390625,4128.169921875,18.139999389648438
2014-01-27,1781.56005859375,4083.610107421875,17.420000076293945
2014-01-28,1792.5,4097.9599609375,15.800000190734863
2014-01-29,1774.199951171875,4051.429931640625,17.350000381469727
2014-01-30,1794.18994140625,4123.1298828125,17.290000915527344
2014-01-31,1782.5899658203125,4103.8798828125,18.40999984741211
2014-02-03,1741.8900146484375,3996.9599609375,21.440000534057617
2014-02-04,1755.199951171875,4031.52001953125,19.110000610351562
2014-02-05,1751.6400146484375,4011.550048828125,19.950000762939453
2014-02-06,1773.4300537109375,4057.1201171875,17.229999542236328
2014-02-07,1797.02001953125,4125.85986328125,15.289999961853027
2014-02-10,1799.8399658203125,4148.169921875,15.260000228881836
2014-02-11,1819.75,4191.0498046875,14.510000228881836
2014-02-12,1819.260009765625,4201.2900390625,14.300000190734863
2014-02-13,1829.8299560546875,4240.669921875,14.140000343322754
2014-02-14,1838.6300048828125,4244.02001953125,13.569999694824219
2014-02-18,1840.760009765625,4272.77978515625,13.869999885559082
2014-02-19,1828.75,4237.9501953125,15.5
2014-02-20,1839.780029296875,4267.5498046875,14.789999961853027
2014-02-21,1836.25,4263.41015625,14.680000305175781
2014-02-24,1847.6099853515625,4292.97021484375,14.229999542236328
2014-02-25,1845.1199951171875,4287.58984375,13.670000076293945
2014-02-26,1845.1600341796875,4292.06005859375,14.350000381469727
2014-02-27,1854.2900390625,4318.93017578125,14.039999961853027
2014-02-28,1859.449951171875,4308.1201171875,14.0
2014-03-03,1845.72998046875,4277.2998046875,16.0
2014-03-04,1873.9100341796875,4351.97021484375,14.100000381469727
2014-03-05,1873.81005859375,4357.97021484375,13.890000343322754
2014-03-06,1877.030029296875,4352.1298828125,14.210000038146973
2014-03-07,1878.0400390625,4336.22021484375,14.109999656677246
2014-03-10,1877.1700439453125,4334.4501953125,14.199999809265137
2014-03-11,1867.6300048828125,4307.18994140625,14.800000190734863
2014-03-12,1868.199951171875,4323.330078125,14.470000267028809
2014-03-13,1846.3399658203125,4260.419921875,16.219999313354492
2014-03-14,1841.1300048828125,4245.39990234375,17.81999969482422
2014-03-17,1858.8299560546875,4279.9501953125,15.640000343322754
2014-03-18,1872.25,4333.31005859375,14.520000457763672
2014-03-19,1860.77001953125,4307.60009765625,15.119999885559082
2014-03-20,1872.010009765625,4319.2900390625,14.520000457763672
2014-03-21,1866.52001953125,4276.7900390625,15.0
2014-03-24,1857.43994140625,4226.39013671875,15.09000015258789
2014-03-25,1865.6199951171875,4234.27001953125,14.020000457763672
2014-03-26,1852.56005859375,4173.580078125,14.930000305175781
2014-03-27,1849.0400390625,4151.22998046875,14.619999885559082
2014-03-28,1857.6199951171875,4155.759765625,14.40999984741211
2014-03-31,1872.3399658203125,4198.990234375,13.880000114440918
2014-04-01,1885.52001953125,4268.0400390625,13.100000381469727
2014-04-02,1890.9000244140625,4276.4599609375,13.09000015258789
2014-04-03,1888.77001953125,4237.740234375,13.369999885559082
2014-04-04,1865.0899658203125,4127.72998046875,13.960000038146973
2014-04-07,1845.0400390625,4079.75,15.569999694824219
2014-04-08,1851.9599609375,4112.990234375,14.890000343322754
2014-04-09,1872.1800537109375,4183.89990234375,13.819999694824219
2014-04-10,1833.0799560546875,4054.110107421875,15.890000343322754
2014-04-11,1815.68994140625,3999.72998046875,17.030000686645508
2014-04-14,1830.6099853515625,4022.68994140625,16.110000610351562
2014-04-15,1842.97998046875,4034.159912109375,15.609999656677246
2014-04-16,1862.31005859375,4086.22998046875,14.180000305175781
2014-04-17,1864.8499755859375,4095.52001953125,13.359999656677246
2014-04-21,1871.8900146484375,4121.5498046875,13.25
2014-04-22,1879.550048828125,4161.4599609375,13.1899995803833
2014-04-23,1875.3900146484375,4126.97021484375,13.270000457763672
2014-04-24,1878.6099853515625,4148.33984375,13.319999694824219
2014-04-25,1863.4000244140625,4075.56005859375,14.0600004196167
2014-04-28,1869.4300537109375,4074.39990234375,13.970000267028809
2014-04-29,1878.3299560546875,4103.5400390625,13.710000038146973
2014-04-30,1883.949951171875,4114.56005859375,13.40999984741211
2014-05-01,1883.6800537109375,4127.4501953125,13.25
2014-05-02,1881.1400146484375,4123.89990234375,12.90999984741211
2014-05-05,1884.6600341796875,4138.06005859375,13.289999961853027
2014-05-06,1867.719970703125,4080.760009765625,13.800000190734863
2014-05-07,1878.2099609375,4067.669921875,13.399999618530273
2014-05-08,1875.6300048828125,4051.5,13.430000305175781
2014-05-09,1878.47998046875,4071.8701171875,12.920000076293945
2014-05-12,1896.6500244140625,4143.85986328125,12.229999542236328
2014-05-13,1897.449951171875,4130.169921875,12.130000114440918
2014-05-14,1888.530029296875,4100.6298828125,12.170000076293945
2014-05-15,1870.8499755859375,4069.2900390625,13.170000076293945
2014-05-16,1877.8599853515625,4090.590087890625,12.4399995803833
2014-05-19,1885.0799560546875,4125.81005859375,12.420000076293945
2014-05-20,1872.8299560546875,4096.89013671875,12.960000038146973
2014-05-21,1888.030029296875,4131.5400390625,11.90999984741211
2014-05-22,1892.489990234375,4154.33984375,12.029999732971191
2014-05-23,1900.530029296875,4185.81005859375,11.359999656677246
2014-05-27,1911.9100341796875,4237.06982421875,11.510000228881836
2014-05-28,1909.780029296875,4225.080078125,11.680000305175781
2014-05-29,1920.030029296875,4247.9501953125,11.569999694824219
2014-05-30,1923.5699462890625,4242.6201171875,11.399999618530273
2014-06-02,1924.969970703125,4237.2001953125,11.579999923706055
2014-06-03,1924.239990234375,4234.080078125,11.869999885559082
2014-06-04,1927.8800048828125,4251.64013671875,12.079999923706055
2014-06-05,1940.4599609375,4296.22998046875,11.680000305175781
2014-06-06,1949.43994140625,4321.39990234375,10.729999542236328
2014-06-09,1951.27001953125,4336.240234375,11.149999618530273
2014-06-10,1950.7900390625,4338.0,10.989999771118164
2014-06-11,1943.8900146484375,4331.93017578125,11.600000381469727
2014-06-12,1930.1099853515625,4297.6298828125,12.5600004196167
2014-06-13,1936.1600341796875,4310.64990234375,12.180000305175781
2014-06-16,1937.780029296875,4321.10009765625,12.649999618530273
2014-06-17,1941.989990234375,4337.22998046875,12.0600004196167
2014-06-18,1956.97998046875,4362.83984375,10.609999656677246
2014-06-19,1959.47998046875,4359.330078125,10.619999885559082
2014-06-20,1962.8699951171875,4368.0400390625,10.850000381469727
2014-06-23,1962.6099853515625,4368.68017578125,10.979999542236328
2014-06-24,1949.97998046875,4350.35009765625,12.130000114440918
2014-06-25,1959.530029296875,4379.759765625,11.59000015258789
2014-06-26,1957.219970703125,4379.0498046875,11.630000114440918
2014-06-27,1960.9599609375,4397.93017578125,11.260000228881836
2014-06-30,1960.22998046875,4408.18017578125,11.569999694824219
2014-07-01,1973.3199462890625,4458.64990234375,11.149999618530273
2014-07-02,1974.6199951171875,4457.72998046875,10.819999694824219
2014-07-03,1985.43994140625,4485.93017578125,10.319999694824219
2014-07-07,1977.6500244140625,4451.52978515625,11.329999923706055
2014-07-08,1963.7099609375,4391.4599609375,11.979999542236328
2014-07-09,1972.8299560546875,4419.02978515625,11.649999618530273
2014-07-10,1964.6800537109375,4396.2001953125,12.59000015258789
2014-07-11,1967.5699462890625,4415.490234375,12.079999923706055
2014-07-14,1977.0999755859375,4440.419921875,11.819999694824219
2014-07-15,1973.280029296875,4416.39013671875,11.960000038146973
2014-07-16,1981.5699462890625,4425.97021484375,11.0
2014-07-17,1958.1199951171875,4363.4501953125,14.539999961853027
2014-07-18,1978.219970703125,4432.14990234375,12.0600004196167
2014-07-21,1973.6300048828125,4424.7001953125,12.8100004196167
2014-07-22,1983.530029296875,4456.02001953125,12.239999771118164
2014-07-23,1987.010009765625,4473.7001953125,11.520000457763672
2014-07-24,1987.97998046875,4472.10986328125,11.84000015258789
2014-07-25,1978.3399658203125,4449.56005859375,12.6899995803833
2014-07-28,1978.9100341796875,4444.91015625,12.5600004196167
2014-07-29,1969.949951171875,4442.7001953125,13.279999732971191
2014-07-30,1970.0699462890625,4462.89990234375,13.329999923706055
2014-07-31,1930.6700439453125,4369.77001953125,16.950000762939453
2014-08-01,1925.1500244140625,4352.64013671875,17.030000686645508
2014-08-04,1938.989990234375,4383.89013671875,15.119999885559082
2014-08-05,1920.2099609375,4352.83984375,16.8700008392334
2014-08-06,1920.239990234375,4355.0498046875,16.3700008392334
2014-08-07,1909.5699462890625,4334.97021484375,16.65999984741211
2014-08-08,1931.5899658203125,4370.89990234375,15.770000457763672
2014-08-11,1936.9200439453125,4401.330078125,14.229999542236328
2014-08-12,1933.75,4389.25,14.130000114440918
2014-08-13,1946.719970703125,4434.1298828125,12.899999618530273
2014-08-14,1955.1800537109375,4453.0,12.420000076293945
2014-08-15,1955.06005859375,4464.93017578125,13.149999618530273
2014-08-18,1971.739990234375,4508.31005859375,12.319999694824219
2014-08-19,1981.5999755859375,4527.509765625,12.210000038146973
2014-08-20,1986.510009765625,4526.47998046875,11.779999732971191
2014-08-21,1992.3699951171875,4532.10009765625,11.760000228881836
2014-08-22,1988.4000244140625,4538.5498046875,11.470000267028809
2014-08-25,1997.9200439453125,4557.35009765625,11.699999809265137
2014-08-26,2000.02001953125,4570.64013671875,11.630000114440918
2014-08-27,2000.1199951171875,4569.6201171875,11.779999732971191
2014-08-28,1996.739990234375,4557.7001953125,12.050000190734863
2014-08-29,2003.3699951171875,4580.27001953125,12.09000015258789
2014-09-02,2002.280029296875,4598.18994140625,12.25
2014-09-03,2000.719970703125,4572.56005859375,12.359999656677246
2014-09-04,1997.6500244140625,4562.2900390625,12.640000343322754
2014-09-05,2007.7099609375,4582.89990234375,12.09000015258789
2014-09-08,2001.5400390625,4592.2900390625,12.65999984741211
2014-09-09,1988.43994140625,4552.2900390625,13.5
2014-09-10,1995.68994140625,4586.52001953125,12.880000114440918
2014-09-11,1997.449951171875,4591.81005859375,12.800000190734863
2014-09-12,1985.5400390625,4567.60009765625,13.3100004196167
2014-09-15,1984.1300048828125,4518.89990234375,14.119999885559082
2014-09-16,1998.97998046875,4552.759765625,12.729999542236328
2014-09-17,2001.5699462890625,4562.18994140625,12.649999618530273
2014-09-18,2011.3599853515625,4593.43017578125,12.029999732971191
2014-09-19,2010.4000244140625,4579.7900390625,12.109999656677246
2014-09-22,1994.2900390625,4527.68994140625,13.6899995803833
2014-09-23,1982.77001953125,4508.68994140625,14.930000305175781
2014-09-24,1998.300048828125,4555.22021484375,13.270000457763672
2014-09-25,1965.989990234375,4466.75,15.640000343322754
2014-09-26,1982.8499755859375,4512.18994140625,14.850000381469727
2014-09-29,1977.800048828125,4505.85009765625,15.979999542236328
2014-09-30,1972.2900390625,4493.39013671875,16.309999465942383
2014-10-01,1946.1600341796875,4422.08984375,16.709999084472656
2014-10-02,1946.1700439453125,4430.2001953125,16.15999984741211
2014-10-03,1967.9000244140625,4475.6201171875,14.550000190734863
2014-10-06,1964.8199462890625,4454.7998046875,15.460000038146973
2014-10-07,1935.0999755859375,4385.2001953125,17.200000762939453
2014-10-08,1968.8900146484375,4468.58984375,15.109999656677246
2014-10-09,1928.2099609375,4378.33984375,18.760000228881836
2014-10-10,1906.1300048828125,4276.240234375,21.239999771118164
2014-10-13,1874.739990234375,4213.66015625,24.639999389648438
2014-10-14,1877.699951171875,4227.169921875,22.790000915527344
2014-10-15,1862.489990234375,4215.31982421875,25.270000457763672
2014-10-16,1862.760009765625,4217.39013671875,25.200000762939453
2014-10-17,1886.760009765625,4258.43994140625,21.989999771118164
2014-10-20,1904.010009765625,4316.06982421875,18.56999969482422
2014-10-21,1941.280029296875,4419.47998046875,16.079999923706055
2014-10-22,1927.1099853515625,4382.85009765625,17.8700008392334
2014-10-23,1950.8199462890625,4452.7900390625,16.530000686645508
2014-10-24,1964.5799560546875,4483.72021484375,16.110000610351562
2014-10-27,1961.6300048828125,4485.93017578125,16.040000915527344
2014-10-28,1985.050048828125,4564.2900390625,14.390000343322754
2014-10-29,1982.300048828125,4549.22998046875,15.149999618530273
2014-10-30,1994.6500244140625,4566.14013671875,14.520000457763672
2014-10-31,2018.050048828125,4630.740234375,14.029999732971191
2014-11-03,2017.81005859375,4638.91015625,14.729999542236328
2014-11-04,2012.0999755859375,4623.64013671875,14.890000343322754
2014-11-05,2023.5699462890625,4620.72021484375,14.170000076293945
2014-11-06,2031.2099609375,4638.47021484375,13.670000076293945
2014-11-07,2031.9200439453125,4632.52978515625,13.119999885559082
2014-11-10,2038.260009765625,4651.6201171875,12.670000076293945
2014-11-11,2039.6800537109375,4660.56005859375,12.920000076293945
2014-11-12,2038.25,4675.14013671875,13.020000457763672
2014-11-13,2039.3299560546875,4680.14013671875,13.789999961853027
2014-11-14,2039.8199462890625,4688.5400390625,13.3100004196167
2014-11-17,2041.3199462890625,4671.0,13.989999771118164
2014-11-18,2051.800048828125,4702.43994140625,13.859999656677246
2014-11-19,2048.719970703125,4675.7099609375,13.960000038146973
2014-11-20,2052.75,4701.8701171875,13.579999923706055
2014-11-21,2063.5,4712.97021484375,12.899999618530273
2014-11-24,2069.409912109375,4754.89013671875,12.619999885559082
2014-11-25,2067.030029296875,4758.25,12.25
2014-11-26,2072.830078125,4787.31982421875,12.069999694824219
2014-11-28,2067.56005859375,4791.6298828125,13.329999923706055
2014-12-01,2053.43994140625,4727.35009765625,14.15999984741211
2014-12-02,2066.550048828125,4755.81005859375,12.850000381469727
2014-12-03,2074.330078125,4774.47021484375,12.5
2014-12-04,2071.919921875,4769.43994140625,12.380000114440918
2014-12-05,2075.3701171875,4780.759765625,11.890000343322754
2014-12-08,2060.31005859375,4740.68994140625,14.210000038146973
2014-12-09,2059.820068359375,4766.47021484375,15.350000381469727
2014-12-10,2026.1400146484375,4684.02001953125,18.530000686645508
2014-12-11,2035.3299560546875,4708.16015625,20.079999923706055
2014-12-12,2002.3299560546875,4653.60009765625,21.079999923706055
2014-12-15,1989.6300048828125,4605.16015625,20.420000076293945
2014-12-16,1972.739990234375,4547.830078125,23.56999969482422
2014-12-17,2012.8900146484375,4644.31005859375,19.440000534057617
2014-12-18,2061.22998046875,4748.39990234375,16.809999465942383
2014-12-19,2070.64990234375,4765.3798828125,16.489999771118164
2014-12-22,2078.5400390625,4781.419921875,15.25
2014-12-23,2082.169921875,4765.419921875,14.800000190734863
2014-12-24,2081.8798828125,4773.47021484375,14.369999885559082
2014-12-26,2088.77001953125,4806.85986328125,14.5
2014-12-29,2090.570068359375,4806.91015625,15.0600004196167
2014-12-30,2080.35009765625,4777.43994140625,15.920000076293945
2014-12-31,2058.89990234375,4736.0498046875,19.200000762939453
2015-01-02,2058.199951171875,4726.81005859375,17.790000915527344
2015-01-05,2020.5799560546875,4652.56982421875,19.920000076293945
2015-01-06,2002.6099853515625,4592.740234375,21.1200008392334
2015-01-07,2025.9000244140625,4650.47021484375,19.309999465942383
2015-01-08,2062.139892578125,4736.18994140625,17.010000228881836
2015-01-09,2044.81005859375,4704.06982421875,17.549999237060547
2015-01-12,2028.260009765625,4664.7099609375,19.600000381469727
2015-01-13,2023.030029296875,4661.5,20.559999465942383
2015-01-14,2011.27001953125,4639.31982421875,21.479999542236328
2015-01-15,1992.6700439453125,4570.81982421875,22.389999389648438
2015-01-16,2019.4200439453125,4634.3798828125,20.950000762939453
2015-01-20,2022.550048828125,4654.85009765625,19.889999389648438
2015-01-21,2032.1199951171875,4667.419921875,18.850000381469727
2015-01-22,2063.14990234375,4750.39990234375,16.399999618530273
2015-01-23,2051.820068359375,4757.8798828125,16.65999984741211
2015-01-26,2057.090087890625,4771.759765625,15.520000457763672
2015-01-27,2029.550048828125,4681.5,17.219999313354492
2015-01-28,2002.1600341796875,4637.990234375,20.440000534057617
2015-01-29,2021.25,4683.41015625,18.760000228881836
2015-01-30,1994.989990234375,4635.240234375,20.969999313354492
2015-02-02,2020.8499755859375,4676.68994140625,19.43000030517578
2015-02-03,2050.030029296875,4727.740234375,17.329999923706055
2015-02-04,2041.510009765625,4716.7001953125,18.329999923706055
2015-02-05,2062.52001953125,4765.10009765625,16.850000381469727
2015-02-06,2055.469970703125,4744.39990234375,17.290000915527344
2015-02-09,2046.739990234375,4726.009765625,18.549999237060547
2015-02-10,2068.590087890625,4787.64013671875,17.229999542236328
2015-02-11,2068.530029296875,4801.18017578125,16.959999084472656
2015-02-12,2088.47998046875,4857.60986328125,15.34000015258789
2015-02-13,2096.989990234375,4893.83984375,14.6899995803833
2015-02-17,2100.340087890625,4899.27001953125,15.800000190734863
2015-02-18,2099.679931640625,4906.35986328125,15.449999809265137
2015-02-19,2097.449951171875,4924.7001953125,15.289999961853027
2015-02-20,2110.300048828125,4955.97021484375,14.300000190734863
2015-02-23,2109.659912109375,4960.97021484375,14.5600004196167
2015-02-24,2115.47998046875,4968.1201171875,13.6899995803833
2015-02-25,2113.860107421875,4967.14013671875,13.84000015258789
2015-02-26,2110.739990234375,4987.89013671875,13.90999984741211
2015-02-27,2104.5,4963.52978515625,13.34000015258789
2015-03-02,2117.389892578125,5008.10009765625,13.039999961853027
2015-03-03,2107.780029296875,4979.89990234375,13.859999656677246
2015-03-04,2098.530029296875,4967.14013671875,14.229999542236328
2015-03-05,2101.0400390625,4982.81005859375,14.039999961853027
2015-03-06,2071.260009765625,4927.3701171875,15.199999809265137
2015-03-09,2079.429931640625,4942.43994140625,15.0600004196167
2015-03-10,2044.1600341796875,4859.7900390625,16.690000534057617
2015-03-11,2040.239990234375,4849.93994140625,16.8700008392334
2015-03-12,2065.949951171875,4893.2900390625,15.420000076293945
2015-03-13,2053.39990234375,4871.759765625,16.0
2015-03-16,2081.18994140625,4929.509765625,15.609999656677246
2015-03-17,2074.280029296875,4937.43017578125,15.65999984741211
2015-03-18,2099.5,4982.830078125,13.970000267028809
2015-03-19,2089.27001953125,4992.3798828125,14.069999694824219
2015-03-20,2108.10009765625,5026.419921875,13.020000457763672
2015-03-23,2104.419921875,5010.97021484375,13.40999984741211
2015-03-24,2091.5,4994.72998046875,13.619999885559082
2015-03-25,2061.050048828125,4876.52001953125,15.4399995803833
2015-03-26,2056.14990234375,4863.35986328125,15.800000190734863
2015-03-27,2061.02001953125,4891.22021484375,15.069999694824219
2015-03-30,2086.239990234375,4947.43994140625,14.510000228881836
2015-03-31,2067.889892578125,4900.8798828125,15.289999961853027
2015-04-01,2059.68994140625,4880.22998046875,15.109999656677246
2015-04-02,2066.9599609375,4886.93994140625,14.670000076293945
2015-04-06,2080.6201171875,4917.31982421875,14.739999771118164
2015-04-07,2076.330078125,4910.22998046875,14.779999732971191
2015-04-08,2081.89990234375,4950.81982421875,13.979999542236328
2015-04-09,2091.179931640625,4974.56005859375,13.09000015258789
2015-04-10,2102.06005859375,4995.97998046875,12.579999923706055
2015-04-13,2092.429931640625,4988.25,13.9399995803833
2015-04-14,2095.840087890625,4977.2900390625,13.670000076293945
2015-04-15,2106.6298828125,5011.02001953125,12.84000015258789
2015-04-16,2104.989990234375,5007.7900390625,12.600000381469727
2015-04-17,2081.179931640625,4931.81005859375,13.890000343322754
2015-04-20,2100.39990234375,4994.60009765625,13.300000190734863
2015-04-21,2097.2900390625,5014.10009765625,13.25
2015-04-22,2107.9599609375,5035.169921875,12.710000038146973
2015-04-23,2112.929931640625,5056.06005859375,12.479999542236328
2015-04-24,2117.68994140625,5092.080078125,12.289999961853027
2015-04-27,2108.919921875,5060.25,13.119999885559082
2015-04-28,2114.760009765625,5055.419921875,12.40999984741211
2015-04-29,2106.85009765625,5023.64013671875,13.390000343322754
2015-04-30,2085.510009765625,4941.419921875,14.550000190734863
2015-05-01,2108.2900390625,5005.39013671875,12.699999809265137
2015-05-04,2114.489990234375,5016.93017578125,12.850000381469727
2015-05-05,2089.4599609375,4939.330078125,14.3100004196167
2015-05-06,2080.14990234375,4919.64013671875,15.149999618530273
2015-05-07,2088.0,4945.5400390625,15.130000114440918
2015-05-08,2116.10009765625,5003.5498046875,12.859999656677246
2015-05-11,2105.330078125,4993.56982421875,13.850000381469727
2015-05-12,2099.1201171875,4976.18994140625,13.859999656677246
2015-05-13,2098.47998046875,4981.68994140625,13.760000228881836
2015-05-14,2121.10009765625,5050.7998046875,12.739999771118164
2015-05-15,2122.72998046875,5048.2900390625,12.380000114440918
2015-05-18,2129.199951171875,5078.43994140625,12.729999542236328
2015-05-19,2127.830078125,5070.02978515625,12.850000381469727
2015-05-20,2125.85009765625,5071.740234375,12.880000114440918
2015-05-21,2130.820068359375,5090.7900390625,12.109999656677246
2015-05-22,2126.06005859375,5089.35986328125,12.130000114440918
2015-05-26,2104.199951171875,5032.75,14.0600004196167
2015-05-27,2123.47998046875,5106.58984375,13.270000457763672
2015-05-28,2120.7900390625,5097.97998046875,13.3100004196167
2015-05-29,2107.389892578125,5070.02978515625,13.84000015258789
2015-06-01,2111.72998046875,5082.93017578125,13.970000267028809
2015-06-02,2109.60009765625,5076.52001953125,14.239999771118164
2015-06-03,2114.070068359375,5099.22998046875,13.65999984741211
2015-06-04,2095.840087890625,5059.1201171875,14.710000038146973
2015-06-05,2092.830078125,5068.4599609375,14.210000038146973
2015-06-08,2079.280029296875,5021.6298828125,15.289999961853027
2015-06-09,2080.14990234375,5013.8701171875,14.470000267028809
2015-06-10,2105.199951171875,5076.68994140625,13.220000267028809
2015-06-11,2108.860107421875,5082.509765625,12.850000381469727
2015-06-12,2094.110107421875,5051.10009765625,13.779999732971191
2015-06-15,2084.429931640625,5029.97021484375,15.390000343322754
2015-06-16,2096.2900390625,5055.5498046875,14.8100004196167
2015-06-17,2100.43994140625,5064.8798828125,14.5
2015-06-18,2121.239990234375,5132.9501953125,13.1899995803833
2015-06-19,2109.989990234375,5117.0,13.960000038146973
2015-06-22,2122.85009765625,5153.97021484375,12.739999771118164
2015-06-23,2124.199951171875,5160.08984375,12.109999656677246
2015-06-24,2108.580078125,5122.41015625,13.260000228881836
2015-06-25,2102.31005859375,5112.18994140625,14.010000228881836
2015-06-26,2101.489990234375,5080.509765625,14.020000457763672
2015-06-29,2057.639892578125,4958.47021484375,18.850000381469727
2015-06-30,2063.110107421875,4986.8701171875,18.229999542236328
2015-07-01,2077.419921875,5013.1201171875,16.09000015258789
2015-07-02,2076.780029296875,5009.2099609375,16.790000915527344
2015-07-06,2068.760009765625,4991.93994140625,17.010000228881836
2015-07-07,2081.340087890625,4997.4599609375,16.09000015258789
2015-07-08,2046.6800537109375,4909.759765625,19.65999984741211
2015-07-09,2051.31005859375,4922.39990234375,19.969999313354492
2015-07-10,2076.6201171875,4997.7001953125,16.829999923706055
2015-07-13,2099.60009765625,5071.509765625,13.899999618530273
2015-07-14,2108.949951171875,5104.89013671875,13.369999885559082
2015-07-15,2107.39990234375,5098.93994140625,13.229999542236328
2015-07-16,2124.2900390625,5163.18017578125,12.109999656677246
2015-07-17,2126.639892578125,5210.14013671875,11.949999809265137
2015-07-20,2128.280029296875,5218.85986328125,12.25
2015-07-21,2119.2099609375,5208.1201171875,12.220000267028809
2015-07-22,2114.14990234375,5171.77001953125,12.119999885559082
2015-07-23,2102.14990234375,5146.41015625,12.640000343322754
2015-07-24,2079.64990234375,5088.6298828125,13.739999771118164
2015-07-27,2067.639892578125,5039.77978515625,15.600000381469727
2015-07-28,2093.25,5089.2099609375,13.4399995803833
2015-07-29,2108.570068359375,5111.72998046875,12.5
2015-07-30,2108.6298828125,5128.77978515625,12.130000114440918
2015-07-31,2103.840087890625,5128.27978515625,12.119999885559082
2015-08-03,2098.0400390625,5115.3798828125,12.5600004196167
2015-08-04,2093.320068359375,5105.5498046875,13.0
2015-08-05,2099.840087890625,5139.93994140625,12.510000228881836
2015-08-06,2083.56005859375,5056.43994140625,13.770000457763672
2015-08-07,2077.570068359375,5043.5400390625,13.390000343322754
2015-08-10,2104.179931640625,5101.7998046875,12.229999542236328
2015-08-11,2084.070068359375,5036.7900390625,13.710000038146973
2015-08-12,2086.050048828125,5044.39013671875,13.609999656677246
2015-08-13,2083.389892578125,5033.56005859375,13.489999771118164
2015-08-14,2091.5400390625,5048.240234375,12.829999923706055
2015-08-17,2102.43994140625,5091.7001953125,13.020000457763672
2015-08-18,2096.919921875,5059.35009765625,13.789999961853027
2015-08-19,2079.610107421875,5019.0498046875,15.25
2015-08-20,2035.72998046875,4877.490234375,19.139999389648438
2015-08-21,1970.8900146484375,4706.0400390625,28.030000686645508
2015-08-24,1893.2099609375,4526.25,40.7400016784668
2015-08-25,1867.6099853515625,4506.490234375,36.02000045776367
2015-08-26,1940.510009765625,4697.5400390625,30.31999969482422
2015-08-27,1987.6600341796875,4812.7099609375,26.100000381469727
2015-08-28,1988.8699951171875,4828.31982421875,26.049999237060547
2015-08-31,1972.1800537109375,4776.509765625,28.43000030517578
2015-09-01,1913.8499755859375,4636.10009765625,31.399999618530273
2015-09-02,1948.8599853515625,4749.97998046875,26.09000015258789
2015-09-03,1951.1300048828125,4733.5,25.610000610351562
2015-09-04,1921.219970703125,4683.919921875,27.799999237060547
2015-09-08,1969.4100341796875,4811.93017578125,24.899999618530273
2015-09-09,1942.0400390625,4756.52978515625,26.229999542236328
2015-09-10,1952.2900390625,4796.25,24.3700008392334
2015-09-11,1961.050048828125,4822.33984375,23.200000762939453
2015-09-14,1953.030029296875,4805.759765625,24.25
2015-09-15,1978.0899658203125,4860.52001953125,22.540000915527344
2015-09-16,1995.31005859375,4889.240234375,21.350000381469727
2015-09-17,1990.199951171875,4893.9501953125,21.139999389648438
2015-09-18,1958.030029296875,4827.22998046875,22.280000686645508
2015-09-21,1966.969970703125,4828.9501953125,20.139999389648438
2015-09-22,1942.739990234375,4756.72021484375,22.440000534057617
2015-09-23,1938.760009765625,4752.740234375,22.1299991607666
2015-09-24,1932.239990234375,4734.47998046875,23.469999313354492
2015-09-25,1931.3399658203125,4686.5,23.6200008392334
2015-09-28,1881.77001953125,4543.97021484375,27.6299991607666
2015-09-29,1884.0899658203125,4517.31982421875,26.829999923706055
2015-09-30,1920.030029296875,4620.16015625,24.5
2015-10-01,1923.8199462890625,4627.080078125,22.549999237060547
2015-10-02,1951.3599853515625,4707.77978515625,20.940000534057617
2015-10-05,1987.050048828125,4781.259765625,19.540000915527344
2015-10-06,1979.9200439453125,4748.35986328125,19.399999618530273
2015-10-07,1995.8299560546875,4791.14990234375,18.399999618530273
2015-10-08,2013.4300537109375,4810.7900390625,17.420000076293945
2015-10-09,2014.8900146484375,4830.47021484375,17.079999923706055
2015-10-12,2017.4599609375,4838.64013671875,16.170000076293945
2015-10-13,2003.68994140625,4796.60986328125,17.670000076293945
2015-10-14,1994.239990234375,4782.85009765625,18.030000686645508
2015-10-15,2023.8599853515625,4870.10009765625,16.049999237060547
2015-10-16,2033.1099853515625,4886.68994140625,15.050000190734863
2015-10-19,2033.6600341796875,4905.47021484375,14.979999542236328
2015-10-20,2030.77001953125,4880.97021484375,15.75
2015-10-21,2018.93994140625,4840.1201171875,16.700000762939453
2015-10-22,2052.510009765625,4920.0498046875,14.449999809265137
2015-10-23,2075.14990234375,5031.85986328125,14.460000038146973
2015-10-26,2071.179931640625,5034.7001953125,15.289999961853027
2015-10-27,2065.889892578125,5030.14990234375,15.430000305175781
2015-10-28,2090.35009765625,5095.68994140625,14.329999923706055
2015-10-29,2089.409912109375,5074.27001953125,14.609999656677246
2015-10-30,2079.360107421875,5053.75,15.069999694824219
2015-11-02,2104.050048828125,5127.14990234375,14.149999618530273
2015-11-03,2109.7900390625,5145.1298828125,14.539999961853027
2015-11-04,2102.31005859375,5142.47998046875,15.510000228881836
2015-11-05,2099.929931640625,5127.740234375,15.050000190734863
2015-11-06,2099.199951171875,5147.1201171875,14.329999923706055
2015-11-09,2078.580078125,5095.2998046875,16.520000457763672
2015-11-10,2081.719970703125,5083.240234375,15.289999961853027
2015-11-11,2075.0,5067.02001953125,16.059999465942383
2015-11-12,2045.969970703125,5005.080078125,18.3700008392334
2015-11-13,2023.0400390625,4927.8798828125,20.079999923706055
2015-11-16,2053.18994140625,4984.6201171875,18.15999984741211
2015-11-17,2050.43994140625,4986.02001953125,18.84000015258789
2015-11-18,2083.580078125,5075.2001953125,16.850000381469727
2015-11-19,2081.239990234375,5073.64013671875,16.989999771118164
2015-11-20,2089.169921875,5104.919921875,15.470000267028809
2015-11-23,2086.590087890625,5102.47998046875,15.619999885559082
2015-11-24,2089.139892578125,5102.81005859375,15.930000305175781
2015-11-25,2088.8701171875,5116.14013671875,15.1899995803833
2015-11-27,2090.110107421875,5127.52001953125,15.119999885559082
2015-11-30,2080.409912109375,5108.669921875,16.1299991607666
2015-12-01,2102.6298828125,5156.31005859375,14.670000076293945
2015-12-02,2079.510009765625,5123.22021484375,15.90999984741211
2015-12-03,2049.6201171875,5037.52978515625,18.110000610351562
2015-12-04,2091.68994140625,5142.27001953125,14.8100004196167
2015-12-07,2077.070068359375,5101.81005859375,15.84000015258789
2015-12-08,2063.590087890625,5098.240234375,17.600000381469727
2015-12-09,2047.6199951171875,5022.8701171875,19.610000610351562
2015-12-10,2052.22998046875,5045.169921875,19.34000015258789
2015-12-11,2012.3699951171875,4933.47021484375,24.389999389648438
2015-12-14,2021.93994140625,4952.22998046875,22.729999542236328
2015-12-15,2043.4100341796875,4995.35986328125,20.950000762939453
2015-12-16,2073.070068359375,5071.1298828125,17.860000610351562
2015-12-17,2041.8900146484375,5002.5498046875,18.940000534057617
2015-12-18,2005.550048828125,4923.080078125,20.700000762939453
2015-12-21,2021.1500244140625,4968.919921875,18.700000762939453
2015-12-22,2038.969970703125,5001.10986328125,16.600000381469727
2015-12-23,2064.2900390625,5045.93017578125,15.569999694824219
2015-12-24,2060.989990234375,5048.490234375,15.739999771118164
2015-12-28,2056.5,5040.990234375,16.90999984741211
2015-12-29,2078.360107421875,5107.93994140625,16.079999923706055
2015-12-30,2063.360107421875,5065.85009765625,17.290000915527344
2015-12-31,2043.93994140625,5007.41015625,18.209999084472656
2016-01-04,2012.6600341796875,4903.08984375,20.700000762939453
2016-01-05,2016.7099609375,4891.43017578125,19.34000015258789
2016-01-06,1990.260009765625,4835.759765625,20.59000015258789
2016-01-07,1943.0899658203125,4689.43017578125,24.989999771118164
2016-01-08,1922.030029296875,4643.6298828125,27.010000228881836
2016-01-11,1923.6700439453125,4637.990234375,24.299999237060547
2016-01-12,1938.6800537109375,4685.919921875,22.469999313354492
2016-01-13,1890.280029296875,4526.06005859375,25.219999313354492
2016-01-14,1921.8399658203125,4615.0,23.950000762939453
2016-01-15,1880.3299560546875,4488.419921875,27.020000457763672
2016-01-19,1881.3299560546875,4476.9501953125,26.049999237060547
2016-01-20,1859.3299560546875,4471.68994140625,27.59000015258789
2016-01-21,1868.989990234375,4472.06005859375,26.690000534057617
2016-01-22,1906.9000244140625,4591.18017578125,22.34000015258789
2016-01-25,1877.0799560546875,4518.490234375,24.149999618530273
2016-01-26,1903.6300048828125,4567.669921875,22.5
2016-01-27,1882.949951171875,4468.169921875,23.110000610351562
2016-01-28,1893.3599853515625,4506.68017578125,22.420000076293945
2016-01-29,1940.239990234375,4613.9501953125,20.200000762939453
2016-02-01,1939.3800048828125,4620.3701171875,19.979999542236328
2016-02-02,1903.030029296875,4516.9501953125,21.979999542236328
2016-02-03,1912.530029296875,4504.240234375,21.649999618530273
2016-02-04,1915.449951171875,4509.56005859375,21.84000015258789
2016-02-05,1880.050048828125,4363.14013671875,23.3799991607666
2016-02-08,1853.43994140625,4283.75,26.0
2016-02-09,1852.2099609375,4268.759765625,26.540000915527344
2016-02-10,1851.8599853515625,4283.58984375,26.290000915527344
2016-02-11,1829.0799560546875,4266.83984375,28.139999389648438
2016-02-12,1864.780029296875,4337.509765625,25.399999618530273
2016-02-16,1895.5799560546875,4435.9599609375,24.110000610351562
2016-02-17,1926.8199462890625,4534.06005859375,22.309999465942383
2016-02-18,1917.8299560546875,4487.5400390625,21.639999389648438
2016-02-19,1917.780029296875,4504.43017578125,20.530000686645508
2016-02-22,1945.5,4570.60986328125,19.3799991607666
2016-02-23,1921.27001953125,4503.580078125,20.979999542236328
2016-02-24,1929.800048828125,4542.60986328125,20.719999313354492
2016-02-25,1951.699951171875,4582.2001953125,19.110000610351562
2016-02-26,1948.050048828125,4590.47021484375,19.809999465942383
2016-02-29,1932.22998046875,4557.9501953125,20.549999237060547
2016-03-01,1978.3499755859375,4689.60009765625,17.700000762939453
2016-03-02,1986.449951171875,4703.419921875,17.09000015258789
2016-03-03,1993.4000244140625,4707.419921875,16.700000762939453
2016-03-04,1999.989990234375,4717.02001953125,16.860000610351562
2016-03-07,2001.760009765625,4708.25,17.350000381469727
2016-03-08,1979.260009765625,4648.81982421875,18.670000076293945
2016-03-09,1989.260009765625,4674.3798828125,18.34000015258789
2016-03-10,1989.5699462890625,4662.16015625,18.049999237060547
2016-03-11,2022.18994140625,4748.47021484375,16.5
2016-03-14,2019.6400146484375,4750.27978515625,16.920000076293945
2016-03-15,2015.9300537109375,4728.669921875,16.84000015258789
2016-03-16,2027.219970703125,4763.97021484375,14.989999771118164
2016-03-17,2040.5899658203125,4774.990234375,14.4399995803833
2016-03-18,2049.580078125,4795.64990234375,14.020000457763672
2016-03-21,2051.60009765625,4808.8701171875,13.789999961853027
2016-03-22,2049.800048828125,4821.66015625,14.170000076293945
2016-03-23,2036.7099609375,4768.85986328125,14.9399995803833
2016-03-24,2035.93994140625,4773.5,14.739999771118164
2016-03-28,2037.050048828125,4766.7900390625,15.239999771118164
2016-03-29,2055.010009765625,4846.6201171875,13.819999694824219
2016-03-30,2063.949951171875,4869.2900390625,13.5600004196167
2016-03-31,2059.739990234375,4869.85009765625,13.949999809265137
2016-04-01,2072.780029296875,4914.5400390625,13.100000381469727
2016-04-04,2066.1298828125,4891.7998046875,14.119999885559082
2016-04-05,2045.1700439453125,4843.93017578125,15.420000076293945
2016-04-06,2066.659912109375,4920.72021484375,14.09000015258789
2016-04-07,2041.9100341796875,4848.3701171875,16.15999984741211
2016-04-08,2047.5999755859375,4850.68994140625,15.359999656677246
2016-04-11,2041.989990234375,4833.39990234375,16.260000228881836
2016-04-12,2061.719970703125,4872.08984375,14.850000381469727
2016-04-13,2082.419921875,4947.419921875,13.84000015258789
2016-04-14,2082.780029296875,4945.89013671875,13.720000267028809
2016-04-15,2080.72998046875,4938.22021484375,13.619999885559082
2016-04-18,2094.340087890625,4960.02001953125,13.350000381469727
2016-04-19,2100.800048828125,4940.330078125,13.239999771118164
2016-04-20,2102.39990234375,4948.1298828125,13.279999732971191
2016-04-21,2091.47998046875,4945.89013671875,13.949999809265137
2016-04-22,2091.580078125,4906.22998046875,13.220000267028809
2016-04-25,2087.7900390625,4895.7900390625,14.079999923706055
2016-04-26,2091.699951171875,4888.27978515625,13.960000038146973
2016-04-27,2095.14990234375,4863.14013671875,13.770000457763672
2016-04-28,2075.81005859375,4805.2900390625,15.220000267028809
2016-04-29,2065.300048828125,4775.35986328125,15.699999809265137
2016-05-02,2081.429931640625,4817.58984375,14.680000305175781
2016-05-03,2063.3701171875,4763.22021484375,15.600000381469727
2016-05-04,2051.1201171875,4725.64013671875,16.049999237060547
2016-05-05,2050.6298828125,4717.08984375,15.90999984741211
2016-05-06,2057.139892578125,4736.16015625,14.720000267028809
2016-05-09,2058.68994140625,4750.2099609375,14.569999694824219
2016-05-10,2084.389892578125,4809.8798828125,13.630000114440918
2016-05-11,2064.4599609375,4760.68994140625,14.6899995803833
2016-05-12,2064.110107421875,4737.330078125,14.40999984741211
2016-05-13,2046.6099853515625,4717.68017578125,15.039999961853027
2016-05-16,2066.659912109375,4775.4599609375,14.680000305175781
2016-05-17,2047.2099609375,4715.72998046875,15.569999694824219
2016-05-18,2047.6300048828125,4739.1201171875,15.949999809265137
2016-05-19,2040.0400390625,4712.52978515625,16.329999923706055
2016-05-20,2052.320068359375,4769.56005859375,15.199999809265137
2016-05-23,2048.0400390625,4765.77978515625,15.819999694824219
2016-05-24,2076.06005859375,4861.06005859375,14.420000076293945
2016-05-25,2090.5400390625,4894.89013671875,13.899999618530273
2016-05-26,2090.10009765625,4901.77001953125,13.430000305175781
2016-05-27,2099.06005859375,4933.5,13.119999885559082
2016-05-31,2096.949951171875,4948.0498046875,14.1899995803833
2016-06-01,2099.330078125,4952.25,14.199999809265137
2016-06-02,2105.260009765625,4971.35986328125,13.630000114440918
2016-06-03,2099.1298828125,4942.52001953125,13.470000267028809
2016-06-06,2109.409912109375,4968.7099609375,13.649999618530273
2016-06-07,2112.1298828125,4961.75,14.050000190734863
2016-06-08,2119.1201171875,4974.64013671875,14.079999923706055
2016-06-09,2115.47998046875,4958.6201171875,14.640000343322754
2016-06-10,2096.070068359375,4894.5498046875,17.030000686645508
2016-06-13,2079.06005859375,4848.43994140625,20.969999313354492
2016-06-14,2075.320068359375,4843.5498046875,20.5
2016-06-15,2071.5,4834.93017578125,20.139999389648438
2016-06-16,2077.989990234375,4844.919921875,19.3700008392334
2016-06-17,2071.219970703125,4800.33984375,19.40999984741211
2016-06-20,2083.25,4837.2099609375,18.3700008392334
2016-06-21,2088.89990234375,4843.759765625,18.479999542236328
2016-06-22,2085.449951171875,4833.31982421875,21.170000076293945
2016-06-23,2113.320068359375,4910.0400390625,17.25
2016-06-24,2037.4100341796875,4707.97998046875,25.760000228881836
2016-06-27,2000.5400390625,4594.43994140625,23.850000381469727
2016-06-28,2036.0899658203125,4691.8701171875,18.75
2016-06-29,2070.77001953125,4779.25,16.639999389648438
2016-06-30,2098.860107421875,4842.669921875,15.630000114440918
2016-07-01,2102.949951171875,4862.56982421875,14.770000457763672
2016-07-05,2088.550048828125,4822.89990234375,15.579999923706055
2016-07-06,2099.72998046875,4859.16015625,14.960000038146973
2016-07-07,2097.89990234375,4876.81005859375,14.760000228881836
2016-07-08,2129.89990234375,4956.759765625,13.199999809265137
2016-07-11,2137.159912109375,4988.64013671875,13.539999961853027
2016-07-12,2152.139892578125,5022.81982421875,13.550000190734863
2016-07-13,2152.429931640625,5005.72998046875,13.039999961853027
2016-07-14,2163.75,5034.06005859375,12.819999694824219
2016-07-15,2161.739990234375,5029.58984375,12.670000076293945
2016-07-18,2166.889892578125,5055.77978515625,12.4399995803833
2016-07-19,2163.780029296875,5036.3701171875,11.970000267028809
2016-07-20,2173.02001953125,5089.93017578125,11.770000457763672
2016-07-21,2165.169921875,5073.89990234375,12.739999771118164
2016-07-22,2175.030029296875,5100.16015625,12.020000457763672
2016-07-25,2168.47998046875,5097.6298828125,12.869999885559082
2016-07-26,2169.179931640625,5110.0498046875,13.050000190734863
2016-07-27,2166.580078125,5139.81005859375,12.829999923706055
2016-07-28,2170.06005859375,5154.97998046875,12.720000267028809
2016-07-29,2173.60009765625,5162.1298828125,11.869999885559082
2016-08-01,2170.840087890625,5184.2001953125,12.4399995803833
2016-08-02,2157.030029296875,5137.72998046875,13.369999885559082
2016-08-03,2163.7900390625,5159.740234375,12.859999656677246
2016-08-04,2164.25,5166.25,12.420000076293945
2016-08-05,2182.8701171875,5221.1201171875,11.390000343322754
2016-08-08,2180.889892578125,5213.14013671875,11.5
2016-08-09,2181.739990234375,5225.47998046875,11.65999984741211
2016-08-10,2175.489990234375,5204.580078125,12.050000190734863
2016-08-11,2185.7900390625,5228.39990234375,11.680000305175781
2016-08-12,2184.050048828125,5232.89013671875,11.550000190734863
2016-08-15,2190.14990234375,5262.02001953125,11.8100004196167
2016-08-16,2178.14990234375,5227.10986328125,12.640000343322754
2016-08-17,2182.219970703125,5228.66015625,12.1899995803833
2016-08-18,2187.02001953125,5240.14990234375,11.430000305175781
2016-08-19,2183.8701171875,5238.3798828125,11.34000015258789
2016-08-22,2182.639892578125,5244.60009765625,12.270000457763672
2016-08-23,2186.89990234375,5260.080078125,12.380000114440918
2016-08-24,2175.43994140625,5217.68994140625,13.449999809265137
2016-08-25,2172.469970703125,5212.2001953125,13.630000114440918
2016-08-26,2169.0400390625,5218.919921875,13.649999618530273
2016-08-29,2180.3798828125,5232.330078125,12.9399995803833
2016-08-30,2176.1201171875,5222.990234375,13.119999885559082
2016-08-31,2170.949951171875,5213.22021484375,13.420000076293945
2016-09-01,2170.860107421875,5227.2099609375,13.479999542236328
2016-09-02,2179.97998046875,5249.89990234375,11.979999542236328
2016-09-06,2186.47998046875,5275.91015625,12.020000457763672
2016-09-07,2186.159912109375,5283.93017578125,11.9399995803833
2016-09-08,2181.300048828125,5259.47998046875,12.510000228881836
2016-09-09,2127.81005859375,5125.91015625,17.5
2016-09-12,2159.0400390625,5211.89013671875,15.15999984741211
2016-09-13,2127.02001953125,5155.25,17.850000381469727
2016-09-14,2125.77001953125,5173.77001953125,18.139999389648438
2016-09-15,2147.260009765625,5249.68994140625,16.299999237060547
2016-09-16,2139.159912109375,5244.56982421875,15.369999885559082
2016-09-19,2139.1201171875,5235.02978515625,15.529999732971191
2016-09-20,2139.760009765625,5241.35009765625,15.920000076293945
2016-09-21,2163.1201171875,5295.18017578125,13.300000190734863
2016-09-22,2177.179931640625,5339.52001953125,12.020000457763672
2016-09-23,2164.68994140625,5305.75,12.289999961853027
2016-09-26,2146.10009765625,5257.490234375,14.5
2016-09-27,2159.929931640625,5305.7099609375,13.100000381469727
2016-09-28,2171.3701171875,5318.5498046875,12.390000343322754
2016-09-29,2151.1298828125,5269.14990234375,14.020000457763672
2016-09-30,2168.27001953125,5312.0,13.289999961853027
2016-10-03,2161.199951171875,5300.8701171875,13.569999694824219
2016-10-04,2150.489990234375,5289.66015625,13.630000114440918
2016-10-05,2159.72998046875,5316.02001953125,12.989999771118164
2016-10-06,2160.77001953125,5306.85009765625,12.84000015258789
2016-10-07,2153.739990234375,5292.39990234375,13.479999542236328
2016-10-10,2163.659912109375,5328.669921875,13.380000114440918
2016-10-11,2136.72998046875,5246.7900390625,15.359999656677246
2016-10-12,2139.179931640625,5239.02001953125,15.90999984741211
2016-10-13,2132.550048828125,5213.330078125,16.690000534057617
2016-10-14,2132.97998046875,5214.16015625,16.1200008392334
2016-10-17,2126.5,5199.81982421875,16.209999084472656
2016-10-18,2139.60009765625,5243.83984375,15.279999732971191
2016-10-19,2144.2900390625,5246.41015625,14.40999984741211
2016-10-20,2141.340087890625,5241.830078125,13.75
2016-10-21,2141.159912109375,5257.39990234375,13.34000015258789
2016-10-24,2151.330078125,5309.830078125,13.020000457763672
2016-10-25,2143.159912109375,5283.39990234375,13.460000038146973
2016-10-26,2139.429931640625,5250.27001953125,14.239999771118164
2016-10-27,2133.0400390625,5215.97021484375,15.359999656677246
2016-10-28,2126.409912109375,5190.10009765625,16.190000534057617
2016-10-31,2126.14990234375,5189.14013671875,17.059999465942383
2016-11-01,2111.719970703125,5153.580078125,18.559999465942383
2016-11-02,2097.93994140625,5105.56982421875,19.31999969482422
2016-11-03,2088.659912109375,5058.41015625,22.079999923706055
2016-11-04,2085.179931640625,5046.3701171875,22.510000228881836
2016-11-07,2131.52001953125,5166.169921875,18.709999084472656
2016-11-08,2139.56005859375,5193.490234375,18.739999771118164
2016-11-09,2163.260009765625,5251.06982421875,14.380000114440918
2016-11-10,2167.47998046875,5208.7998046875,14.739999771118164
2016-11-11,2164.449951171875,5237.10986328125,14.170000076293945
2016-11-14,2164.199951171875,5218.39990234375,14.479999542236328
2016-11-15,2180.389892578125,5275.6201171875,13.369999885559082
2016-11-16,2176.93994140625,5294.580078125,13.720000267028809
2016-11-17,2187.1201171875,5333.97021484375,13.350000381469727
2016-11-18,2181.89990234375,5321.509765625,12.850000381469727
2016-11-21,2198.179931640625,5368.85986328125,12.420000076293945
2016-11-22,2202.93994140625,5386.35009765625,12.40999984741211
2016-11-23,2204.719970703125,5380.68017578125,12.430000305175781
2016-11-25,2213.35009765625,5398.919921875,12.34000015258789
2016-11-28,2201.719970703125,5368.81005859375,13.149999618530273
2016-11-29,2204.659912109375,5379.919921875,12.899999618530273
2016-11-30,2198.81005859375,5323.68017578125,13.329999923706055
2016-12-01,2191.080078125,5251.10986328125,14.069999694824219
2016-12-02,2191.949951171875,5255.64990234375,14.119999885559082
2016-12-05,2204.7099609375,5308.89013671875,12.140000343322754
2016-12-06,2212.22998046875,5333.0,11.789999961853027
2016-12-07,2241.35009765625,5393.759765625,12.220000267028809
2016-12-08,2246.18994140625,5417.35986328125,12.640000343322754
2016-12-09,2259.530029296875,5444.5,11.75
2016-12-12,2256.9599609375,5412.5400390625,12.640000343322754
2016-12-13,2271.719970703125,5463.830078125,12.720000267028809
2016-12-14,2253.280029296875,5436.669921875,13.1899995803833
2016-12-15,2262.030029296875,5456.85009765625,12.789999961853027
2016-12-16,2258.070068359375,5437.16015625,12.199999809265137
2016-12-19,2262.530029296875,5457.43994140625,11.710000038146973
2016-12-20,2270.760009765625,5483.93994140625,11.449999809265137
2016-12-21,2265.179931640625,5471.43017578125,11.270000457763672
2016-12-22,2260.9599609375,5447.419921875,11.430000305175781
2016-12-23,2263.7900390625,5462.68994140625,11.4399995803833
2016-12-27,2268.8798828125,5487.43994140625,11.989999771118164
2016-12-28,2249.919921875,5438.56005859375,12.949999809265137
2016-12-29,2249.260009765625,5432.08984375,13.369999885559082
2016-12-30,2238.830078125,5383.1201171875,14.039999961853027
2017-01-03,2257.830078125,5429.080078125,12.850000381469727
2017-01-04,2270.75,5477.0,11.850000381469727
2017-01-05,2269.0,5487.93994140625,11.670000076293945
2017-01-06,2276.97998046875,5521.06005859375,11.319999694824219
2017-01-09,2268.89990234375,5531.81982421875,11.5600004196167
2017-01-10,2268.89990234375,5551.81982421875,11.489999771118164
2017-01-11,2275.320068359375,5563.64990234375,11.260000228881836
2017-01-12,2270.43994140625,5547.490234375,11.539999961853027
2017-01-13,2274.639892578125,5574.1201171875,11.229999542236328
2017-01-17,2267.889892578125,5538.72998046875,11.869999885559082
2017-01-18,2271.889892578125,5555.64990234375,12.479999542236328
2017-01-19,2263.68994140625,5540.080078125,12.779999732971191
2017-01-20,2271.31005859375,5555.330078125,11.539999961853027
2017-01-23,2265.199951171875,5552.93994140625,11.770000457763672
2017-01-24,2280.070068359375,5600.9599609375,11.069999694824219
2017-01-25,2298.3701171875,5656.33984375,10.8100004196167
2017-01-26,2296.679931640625,5655.18017578125,10.630000114440918
2017-01-27,2294.68994140625,5660.77978515625,10.579999923706055
2017-01-30,2280.89990234375,5613.7099609375,11.880000114440918
2017-01-31,2278.8701171875,5614.7900390625,11.989999771118164
2017-02-01,2279.550048828125,5642.64990234375,11.8100004196167
2017-02-02,2280.85009765625,5636.2001953125,11.930000305175781
2017-02-03,2297.419921875,5666.77001953125,10.970000267028809
2017-02-06,2292.56005859375,5663.5498046875,11.369999885559082
2017-02-07,2293.080078125,5674.22021484375,11.289999961853027
2017-02-08,2294.669921875,5682.4501953125,11.449999809265137
2017-02-09,2307.8701171875,5715.18017578125,10.880000114440918
2017-02-10,2316.10009765625,5734.1298828125,10.850000381469727
2017-02-13,2328.25,5763.9599609375,11.069999694824219
2017-02-14,2337.580078125,5782.56982421875,10.739999771118164
2017-02-15,2349.25,5819.43994140625,11.970000267028809
2017-02-16,2347.219970703125,5814.89990234375,11.760000228881836
2017-02-17,2351.159912109375,5838.580078125,11.489999771118164
2017-02-21,2365.3798828125,5865.9501953125,11.569999694824219
2017-02-22,2362.820068359375,5860.6298828125,11.739999771118164
2017-02-23,2363.81005859375,5835.509765625,11.710000038146973
2017-02-24,2367.340087890625,5845.31005859375,11.470000267028809
2017-02-27,2369.75,5861.89990234375,12.09000015258789
2017-02-28,2363.639892578125,5825.43994140625,12.920000076293945
2017-03-01,2395.9599609375,5904.02978515625,12.539999961853027
2017-03-02,2381.919921875,5861.22021484375,11.8100004196167
2017-03-03,2383.1201171875,5870.75,10.960000038146973
2017-03-06,2375.31005859375,5849.18017578125,11.239999771118164
2017-03-07,2368.389892578125,5833.93017578125,11.449999809265137
2017-03-08,2362.97998046875,5837.5498046875,11.859999656677246
2017-03-09,2364.8701171875,5838.81005859375,12.300000190734863
2017-03-10,2372.60009765625,5861.72998046875,11.65999984741211
2017-03-13,2373.469970703125,5875.77978515625,11.350000381469727
2017-03-14,2365.449951171875,5856.81982421875,12.300000190734863
2017-03-15,2385.260009765625,5900.0498046875,11.630000114440918
2017-03-16,2381.3798828125,5900.759765625,11.210000038146973
2017-03-17,2378.25,5901.0,11.279999732971191
2017-03-20,2373.469970703125,5901.52978515625,11.34000015258789
2017-03-21,2344.02001953125,5793.830078125,12.470000267028809
2017-03-22,2348.449951171875,5821.64013671875,12.8100004196167
2017-03-23,2345.9599609375,5817.68994140625,13.119999885559082
2017-03-24,2343.97998046875,5828.740234375,12.960000038146973
2017-03-27,2341.590087890625,5840.3701171875,12.5
2017-03-28,2358.570068359375,5875.14013671875,11.529999732971191
2017-03-29,2361.1298828125,5897.5498046875,11.420000076293945
2017-03-30,2368.06005859375,5914.33984375,11.539999961853027
2017-03-31,2362.719970703125,5911.740234375,12.369999885559082
2017-04-03,2358.840087890625,5894.68017578125,12.380000114440918
2017-04-04,2360.159912109375,5898.60986328125,11.789999961853027
2017-04-05,2352.949951171875,5864.47998046875,12.890000343322754
2017-04-06,2357.489990234375,5878.9501953125,12.390000343322754
2017-04-07,2355.5400390625,5877.81005859375,12.869999885559082
2017-04-10,2357.159912109375,5880.93017578125,14.050000190734863
2017-04-11,2353.780029296875,5866.77001953125,15.069999694824219
2017-04-12,2344.929931640625,5836.16015625,15.770000457763672
2017-04-13,2328.949951171875,5805.14990234375,15.960000038146973
2017-04-17,2349.010009765625,5856.7900390625,14.65999984741211
2017-04-18,2342.18994140625,5849.47021484375,14.420000076293945
2017-04-19,2338.169921875,5863.02978515625,14.930000305175781
2017-04-20,2355.840087890625,5916.77978515625,14.149999618530273
2017-04-21,2348.68994140625,5910.52001953125,14.630000114440918
2017-04-24,2374.14990234375,5983.81982421875,10.84000015258789
2017-04-25,2388.610107421875,6025.490234375,10.760000228881836
2017-04-26,2387.449951171875,6025.22998046875,10.850000381469727
2017-04-27,2388.77001953125,6048.93994140625,10.359999656677246
2017-04-28,2384.199951171875,6047.60986328125,10.819999694824219
2017-05-01,2388.330078125,6091.60009765625,10.109999656677246
2017-05-02,2391.169921875,6095.3701171875,10.59000015258789
2017-05-03,2388.1298828125,6072.5498046875,10.680000305175781
2017-05-04,2389.52001953125,6075.33984375,10.460000038146973
2017-05-05,2399.2900390625,6100.759765625,10.569999694824219
2017-05-08,2399.3798828125,6102.66015625,9.770000457763672
2017-05-09,2396.919921875,6120.58984375,9.960000038146973
2017-05-10,2399.6298828125,6129.14013671875,10.210000038146973
2017-05-11,2394.43994140625,6115.9599609375,10.600000381469727
2017-05-12,2390.89990234375,6121.22998046875,10.399999618530273
2017-05-15,2402.320068359375,6149.669921875,10.420000076293945
2017-05-16,2400.669921875,6169.8701171875,10.649999618530273
2017-05-17,2357.030029296875,6011.240234375,15.59000015258789
2017-05-18,2365.719970703125,6055.1298828125,14.65999984741211
2017-05-19,2381.72998046875,6083.7001953125,12.039999961853027
2017-05-22,2394.02001953125,6133.6201171875,10.930000305175781
2017-05-23,2398.419921875,6138.7099609375,10.720000267028809
2017-05-24,2404.389892578125,6163.02001953125,10.020000457763672
2017-05-25,2415.070068359375,6205.259765625,9.989999771118164
2017-05-26,2415.820068359375,6210.18994140625,9.8100004196167
2017-05-30,2412.909912109375,6203.18994140625,10.380000114440918
2017-05-31,2411.800048828125,6198.52001953125,10.40999984741211
2017-06-01,2430.06005859375,6246.830078125,9.890000343322754
2017-06-02,2439.070068359375,6305.7998046875,9.75
2017-06-05,2436.10009765625,6295.68017578125,10.069999694824219
2017-06-06,2429.330078125,6275.06005859375,10.449999809265137
2017-06-07,2433.139892578125,6297.3798828125,10.390000343322754
2017-06-08,2433.7900390625,6321.759765625,10.15999984741211
2017-06-09,2431.77001953125,6207.919921875,10.699999809265137
2017-06-12,2429.389892578125,6175.4599609375,11.460000038146973
2017-06-13,2440.35009765625,6220.3701171875,10.420000076293945
2017-06-14,2437.919921875,6194.89013671875,10.640000343322754
2017-06-15,2432.4599609375,6165.5,10.899999618530273
2017-06-16,2433.14990234375,6151.759765625,10.380000114440918
2017-06-19,2453.4599609375,6239.009765625,10.369999885559082
2017-06-20,2437.030029296875,6188.02978515625,10.859999656677246
2017-06-21,2435.610107421875,6233.9501953125,10.75
2017-06-22,2434.5,6236.68994140625,10.479999542236328
2017-06-23,2438.300048828125,6265.25,10.020000457763672
2017-06-26,2439.070068359375,6247.14990234375,9.899999618530273
2017-06-27,2419.3798828125,6146.6201171875,11.0600004196167
2017-06-28,2440.68994140625,6234.41015625,10.029999732971191
2017-06-29,2419.699951171875,6144.35009765625,11.4399995803833
2017-06-30,2423.409912109375,6140.419921875,11.180000305175781
2017-07-03,2429.010009765625,6110.06005859375,11.220000267028809
2017-07-05,2432.5400390625,6150.85986328125,11.069999694824219
2017-07-06,2409.75,6089.4599609375,12.539999961853027
2017-07-07,2425.179931640625,6153.080078125,11.1899995803833
2017-07-10,2427.429931640625,6176.39013671875,11.109999656677246
2017-07-11,2425.530029296875,6193.2998046875,10.890000343322754
2017-07-12,2443.25,6261.169921875,10.300000190734863
2017-07-13,2447.830078125,6274.43994140625,9.899999618530273
2017-07-14,2459.27001953125,6312.47021484375,9.510000228881836
2017-07-17,2459.139892578125,6314.43017578125,9.819999694824219
2017-07-18,2460.610107421875,6344.31005859375,9.890000343322754
2017-07-19,2473.830078125,6385.0400390625,9.789999961853027
2017-07-20,2473.449951171875,6390.0,9.579999923706055
2017-07-21,2472.5400390625,6387.75,9.359999656677246
2017-07-24,2469.909912109375,6410.81005859375,9.430000305175781
2017-07-25,2477.1298828125,6412.169921875,9.430000305175781
2017-07-26,2477.830078125,6422.75,9.600000381469727
2017-07-27,2475.419921875,6382.18994140625,10.109999656677246
2017-07-28,2472.10009765625,6374.68017578125,10.289999961853027
2017-07-31,2470.300048828125,6348.1201171875,10.260000228881836
2017-08-01,2476.35009765625,6362.93994140625,10.09000015258789
2017-08-02,2477.570068359375,6362.64990234375,10.279999732971191
2017-08-03,2472.159912109375,6340.33984375,10.4399995803833
2017-08-04,2476.830078125,6351.56005859375,10.029999732971191
2017-08-07,2480.909912109375,6383.77001953125,9.930000305175781
2017-08-08,2474.919921875,6370.4599609375,10.960000038146973
2017-08-09,2474.02001953125,6352.330078125,11.109999656677246
2017-08-10,2438.2099609375,6216.8701171875,16.040000915527344
2017-08-11,2441.320068359375,6256.56005859375,15.510000228881836
2017-08-14,2465.840087890625,6340.22998046875,12.329999923706055
2017-08-15,2464.610107421875,6333.009765625,12.039999961853027
2017-08-16,2468.110107421875,6345.10986328125,11.739999771118164
2017-08-17,2430.010009765625,6221.91015625,15.550000190734863
2017-08-18,2425.550048828125,6216.52978515625,14.260000228881836
2017-08-21,2428.3701171875,6213.1298828125,13.1899995803833
2017-08-22,2452.510009765625,6297.47998046875,11.350000381469727
2017-08-23,2444.0400390625,6278.41015625,12.25
2017-08-24,2438.969970703125,6271.330078125,12.229999542236328
2017-08-25,2443.050048828125,6265.64013671875,11.279999732971191
2017-08-28,2444.239990234375,6283.02001953125,11.319999694824219
2017-08-29,2446.300048828125,6301.89013671875,11.699999809265137
2017-08-30,2457.590087890625,6368.31005859375,11.220000267028809
2017-08-31,2471.64990234375,6428.66015625,10.59000015258789
2017-09-01,2476.550048828125,6435.330078125,10.130000114440918
2017-09-05,2457.85009765625,6375.56982421875,12.229999542236328
2017-09-06,2465.5400390625,6393.31005859375,11.630000114440918
2017-09-07,2465.10009765625,6397.8701171875,11.550000190734863
2017-09-08,2461.429931640625,6360.18994140625,12.119999885559082
2017-09-11,2488.110107421875,6432.259765625,10.729999542236328
2017-09-12,2496.47998046875,6454.27978515625,10.579999923706055
2017-09-13,2498.3701171875,6460.18994140625,10.5
2017-09-14,2495.6201171875,6429.080078125,10.4399995803833
2017-09-15,2500.22998046875,6448.47021484375,10.170000076293945
2017-09-18,2503.8701171875,6454.64013671875,10.149999618530273
2017-09-19,2506.64990234375,6461.31982421875,10.180000305175781
2017-09-20,2508.239990234375,6456.0400390625,9.779999732971191
2017-09-21,2500.60009765625,6422.68994140625,9.670000076293945
2017-09-22,2502.219970703125,6426.919921875,9.59000015258789
2017-09-25,2496.659912109375,6370.58984375,10.210000038146973
2017-09-26,2496.840087890625,6380.16015625,10.170000076293945
2017-09-27,2507.0400390625,6453.259765625,9.869999885559082
2017-09-28,2510.06005859375,6453.4501953125,9.550000190734863
2017-09-29,2519.360107421875,6495.9599609375,9.510000228881836
2017-10-02,2529.1201171875,6516.72021484375,9.449999809265137
2017-10-03,2534.580078125,6531.7099609375,9.510000228881836
2017-10-04,2537.739990234375,6534.6298828125,9.630000114440918
2017-10-05,2552.070068359375,6585.35986328125,9.1899995803833
2017-10-06,2549.330078125,6590.18017578125,9.649999618530273
2017-10-09,2544.72998046875,6579.72998046875,10.329999923706055
2017-10-10,2550.639892578125,6587.25,10.079999923706055
2017-10-11,2555.239990234375,6603.5498046875,9.850000381469727
2017-10-12,2550.929931640625,6591.509765625,9.90999984741211
2017-10-13,2553.169921875,6605.7998046875,9.609999656677246
2017-10-16,2557.639892578125,6624.0,9.90999984741211
2017-10-17,2559.360107421875,6623.66015625,10.3100004196167
2017-10-18,2561.260009765625,6624.22021484375,10.069999694824219
2017-10-19,2562.10009765625,6605.06982421875,10.050000190734863
2017-10-20,2575.2099609375,6629.0498046875,9.970000267028809
2017-10-23,2564.97998046875,6586.830078125,11.069999694824219
2017-10-24,2569.1298828125,6598.43017578125,11.15999984741211
2017-10-25,2557.14990234375,6563.89013671875,11.229999542236328
2017-10-26,2560.39990234375,6556.77001953125,11.300000190734863
2017-10-27,2581.070068359375,6701.259765625,9.800000190734863
2017-10-30,2572.830078125,6698.9599609375,10.5
2017-10-31,2575.260009765625,6727.669921875,10.180000305175781
2017-11-01,2579.360107421875,6716.52978515625,10.199999809265137
2017-11-02,2579.85009765625,6714.93994140625,9.930000305175781
2017-11-03,2587.840087890625,6764.43994140625,9.140000343322754
2017-11-06,2591.1298828125,6786.43994140625,9.399999618530273
2017-11-07,2590.639892578125,6767.77978515625,9.890000343322754
2017-11-08,2594.3798828125,6789.1201171875,9.779999732971191
2017-11-09,2584.6201171875,6750.0498046875,10.5
2017-11-10,2582.300048828125,6750.93994140625,11.289999961853027
2017-11-13,2584.840087890625,6757.60009765625,11.5
2017-11-14,2578.8701171875,6737.8701171875,11.59000015258789
2017-11-15,2564.6201171875,6706.2099609375,13.130000114440918
2017-11-16,2585.639892578125,6793.2900390625,11.760000228881836
2017-11-17,2578.85009765625,6782.7900390625,11.430000305175781
2017-11-20,2582.139892578125,6790.7099609375,10.649999618530273
2017-11-21,2599.030029296875,6862.47998046875,9.729999542236328
2017-11-22,2597.080078125,6867.35986328125,9.880000114440918
2017-11-24,2602.419921875,6889.16015625,9.670000076293945
2017-11-27,2601.419921875,6878.52001953125,9.869999885559082
2017-11-28,2627.0400390625,6912.35986328125,10.029999732971191
2017-11-29,2626.070068359375,6824.39013671875,10.699999809265137
2017-11-30,2647.580078125,6873.97021484375,11.279999732971191
2017-12-01,2642.219970703125,6847.58984375,11.430000305175781
2017-12-04,2639.43994140625,6775.3701171875,11.680000305175781
2017-12-05,2629.570068359375,6762.2099609375,11.329999923706055
2017-12-06,2629.27001953125,6776.3798828125,11.020000457763672
2017-12-07,2636.97998046875,6812.83984375,10.15999984741211
2017-12-08,2651.5,6840.080078125,9.579999923706055
2017-12-11,2659.989990234375,6875.080078125,9.34000015258789
2017-12-12,2664.110107421875,6862.31982421875,9.920000076293945
2017-12-13,2662.85009765625,6875.7998046875,10.180000305175781
2017-12-14,2652.010009765625,6856.52978515625,10.489999771118164
2017-12-15,2675.81005859375,6936.580078125,9.420000076293945
2017-12-18,2690.159912109375,6994.759765625,9.529999732971191
2017-12-19,2681.469970703125,6963.85009765625,10.029999732971191
2017-12-20,2679.25,6960.9599609375,9.720000267028809
2017-12-21,2684.570068359375,6965.35986328125,9.619999885559082
2017-12-22,2683.340087890625,6959.9599609375,9.899999618530273
2017-12-26,2680.5,6936.25,10.25
2017-12-27,2682.6201171875,6939.33984375,10.470000267028809
2017-12-28,2687.5400390625,6950.16015625,10.180000305175781
2017-12-29,2673.610107421875,6903.39013671875,11.039999961853027
2018-01-02,2695.81005859375,7006.89990234375,9.770000457763672
2018-01-03,2713.06005859375,7065.52978515625,9.149999618530273
2018-01-04,2723.989990234375,7077.91015625,9.220000267028809
2018-01-05,2743.14990234375,7136.56005859375,9.220000267028809
2018-01-08,2747.7099609375,7157.39013671875,9.520000457763672
2018-01-09,2751.2900390625,7163.580078125,10.079999923706055
2018-01-10,2748.22998046875,7153.56982421875,9.819999694824219
2018-01-11,2767.56005859375,7211.77978515625,9.880000114440918
2018-01-12,2786.239990234375,7261.06005859375,10.15999984741211
2018-01-16,2776.419921875,7223.68994140625,11.65999984741211
2018-01-17,2802.56005859375,7298.27978515625,11.90999984741211
2018-01-18,2798.030029296875,7296.0498046875,12.220000267028809
2018-01-19,2810.300048828125,7336.3798828125,11.270000457763672
2018-01-22,2832.969970703125,7408.02978515625,11.029999732971191
2018-01-23,2839.1298828125,7460.2900390625,11.100000381469727
2018-01-24,2837.5400390625,7415.06005859375,11.470000267028809
2018-01-25,2839.25,7411.16015625,11.579999923706055
2018-01-26,2872.8701171875,7505.77001953125,11.079999923706055
2018-01-29,2853.530029296875,7466.509765625,13.84000015258789
2018-01-30,2822.429931640625,7402.47998046875,14.789999961853027
2018-01-31,2823.81005859375,7411.47998046875,13.539999961853027
2018-02-01,2821.97998046875,7385.85986328125,13.470000267028809
2018-02-02,2762.1298828125,7240.9501953125,17.309999465942383
2018-02-05,2648.93994140625,6967.52978515625,37.31999969482422
2018-02-06,2695.139892578125,7115.8798828125,29.979999542236328
2018-02-07,2681.659912109375,7051.97998046875,27.729999542236328
2018-02-08,2581.0,6777.16015625,33.459999084472656
2018-02-09,2619.550048828125,6874.490234375,29.059999465942383
2018-02-12,2656.0,6981.9599609375,25.610000610351562
2018-02-13,2662.93994140625,7013.509765625,24.969999313354492
2018-02-14,2698.6298828125,7143.6201171875,19.260000228881836
2018-02-15,2731.199951171875,7256.43017578125,19.1299991607666
2018-02-16,2732.219970703125,7239.47021484375,19.459999084472656
2018-02-20,2716.260009765625,7234.31005859375,20.600000381469727
2018-02-21,2701.330078125,7218.22998046875,20.020000457763672
2018-02-22,2703.9599609375,7210.08984375,18.719999313354492
2018-02-23,2747.300048828125,7337.39013671875,16.489999771118164
2018-02-26,2779.60009765625,7421.4599609375,15.800000190734863
2018-02-27,2744.280029296875,7330.35009765625,18.59000015258789
2018-02-28,2713.830078125,7273.009765625,19.850000381469727
2018-03-01,2677.669921875,7180.56005859375,22.469999313354492
2018-03-02,2691.25,7257.8701171875,19.59000015258789
2018-03-05,2720.93994140625,7330.7099609375,18.729999542236328
2018-03-06,2728.1201171875,7372.009765625,18.360000610351562
2018-03-07,2726.800048828125,7396.64990234375,17.760000228881836
2018-03-08,2738.969970703125,7427.9501953125,16.540000915527344
2018-03-09,2786.570068359375,7560.81005859375,14.640000343322754
2018-03-12,2783.02001953125,7588.31982421875,15.779999732971191
2018-03-13,2765.31005859375,7511.009765625,16.350000381469727
2018-03-14,2749.47998046875,7496.81005859375,17.229999542236328
2018-03-15,2747.330078125,7481.740234375,16.59000015258789
2018-03-16,2752.010009765625,7481.990234375,15.800000190734863
2018-03-19,2712.919921875,7344.240234375,19.020000457763672
2018-03-20,2716.93994140625,7364.2998046875,18.200000762939453
2018-03-21,2711.929931640625,7345.2900390625,17.860000610351562
2018-03-22,2643.68994140625,7166.68017578125,23.34000015258789
2018-03-23,2588.260009765625,6992.669921875,24.8700008392334
2018-03-26,2658.550048828125,7220.5400390625,21.030000686645508
2018-03-27,2612.6201171875,7008.81005859375,22.5
2018-03-28,2605.0,6949.22998046875,22.8700008392334
2018-03-29,2640.8701171875,7063.4501953125,19.969999313354492
2018-04-02,2581.8798828125,6870.1201171875,23.6200008392334
2018-04-03,2614.449951171875,6941.27978515625,21.100000381469727
2018-04-04,2644.68994140625,7042.10986328125,20.059999465942383
2018-04-05,2662.840087890625,7076.5498046875,18.940000534057617
2018-04-06,2604.469970703125,6915.10986328125,21.489999771118164
2018-04-09,2613.159912109375,6950.33984375,21.770000457763672
2018-04-10,2656.8701171875,7094.2998046875,20.469999313354492
2018-04-11,2642.18994140625,7069.02978515625,20.239999771118164
2018-04-12,2663.989990234375,7140.25,18.489999771118164
2018-04-13,2656.300048828125,7106.64990234375,17.40999984741211
2018-04-16,2677.840087890625,7156.27978515625,16.559999465942383
2018-04-17,2706.389892578125,7281.10009765625,15.25
2018-04-18,2708.639892578125,7295.240234375,15.600000381469727
2018-04-19,2693.1298828125,7238.06005859375,15.960000038146973
2018-04-20,2670.139892578125,7146.1298828125,16.8799991607666
2018-04-23,2670.2900390625,7128.60009765625,16.34000015258789
2018-04-24,2634.56005859375,7007.35009765625,18.020000457763672
2018-04-25,2639.39990234375,7003.740234375,17.84000015258789
2018-04-26,2666.93994140625,7118.68017578125,16.239999771118164
2018-04-27,2669.909912109375,7119.7998046875,15.40999984741211
2018-04-30,2648.050048828125,7066.27001953125,15.930000305175781
2018-05-01,2654.800048828125,7130.7001953125,15.489999771118164
2018-05-02,2635.669921875,7100.89990234375,15.970000267028809
2018-05-03,2629.72998046875,7088.14990234375,15.899999618530273
2018-05-04,2663.419921875,7209.6201171875,14.770000457763672
2018-05-07,2672.6298828125,7265.2099609375,14.75
2018-05-08,2671.919921875,7266.89990234375,14.710000038146973
2018-05-09,2697.7900390625,7339.91015625,13.420000076293945
2018-05-10,2723.070068359375,7404.97021484375,13.229999542236328
2018-05-11,2727.719970703125,7402.8798828125,12.649999618530273
2018-05-14,2730.1298828125,7411.31982421875,12.930000305175781
2018-05-15,2711.449951171875,7351.6298828125,14.630000114440918
2018-05-16,2722.4599609375,7398.2998046875,13.420000076293945
2018-05-17,2720.1298828125,7382.47021484375,13.430000305175781
2018-05-18,2712.969970703125,7354.33984375,13.420000076293945
2018-05-21,2733.010009765625,7394.0400390625,13.079999923706055
2018-05-22,2724.43994140625,7378.4599609375,13.220000267028809
2018-05-23,2733.2900390625,7425.9599609375,12.579999923706055
2018-05-24,2727.760009765625,7424.43017578125,12.529999732971191
2018-05-25,2721.330078125,7433.85009765625,13.220000267028809
2018-05-29,2689.860107421875,7396.58984375,17.020000457763672
2018-05-30,2724.010009765625,7462.4501953125,14.9399995803833
2018-05-31,2705.27001953125,7442.1201171875,15.430000305175781
2018-06-01,2734.6201171875,7554.330078125,13.460000038146973
2018-06-04,2746.8701171875,7606.4599609375,12.739999771118164
2018-06-05,2748.800048828125,7637.85986328125,12.399999618530273
2018-06-06,2772.35009765625,7689.240234375,11.640000343322754
2018-06-07,2770.3701171875,7635.06982421875,12.130000114440918
2018-06-08,2779.030029296875,7645.509765625,12.180000305175781
2018-06-11,2782.0,7659.93017578125,12.350000381469727
2018-06-12,2786.85009765625,7703.7900390625,12.34000015258789
2018-06-13,2775.6298828125,7695.7001953125,12.9399995803833
2018-06-14,2782.489990234375,7761.0400390625,12.119999885559082
2018-06-15,2779.659912109375,7746.3798828125,11.979999542236328
2018-06-18,2773.75,7747.02978515625,12.3100004196167
2018-06-19,2762.590087890625,7725.58984375,13.350000381469727
2018-06-20,2767.320068359375,7781.509765625,12.789999961853027
2018-06-21,2749.760009765625,7712.9501953125,14.640000343322754
2018-06-22,2754.8798828125,7692.81982421875,13.770000457763672
2018-06-25,2717.070068359375,7532.009765625,17.329999923706055
2018-06-26,2723.06005859375,7561.6298828125,15.920000076293945
2018-06-27,2699.6298828125,7445.080078125,17.90999984741211
2018-06-28,2716.31005859375,7503.68017578125,16.850000381469727
2018-06-29,2718.3701171875,7510.2998046875,16.09000015258789
2018-07-02,2726.7099609375,7567.68994140625,15.600000381469727
2018-07-03,2713.219970703125,7502.669921875,16.139999389648438
2018-07-05,2736.610107421875,7586.43017578125,14.970000267028809
2018-07-06,2759.820068359375,7688.39013671875,13.369999885559082
2018-07-09,2784.169921875,7756.2001953125,12.6899995803833
2018-07-10,2793.840087890625,7759.2001953125,12.640000343322754
2018-07-11,2774.02001953125,7716.60986328125,13.630000114440918
2018-07-12,2798.2900390625,7823.919921875,12.579999923706055
2018-07-13,2801.31005859375,7825.97998046875,12.180000305175781
2018-07-16,2798.429931640625,7805.72021484375,12.829999923706055
2018-07-17,2809.550048828125,7855.1201171875,12.0600004196167
2018-07-18,2815.6201171875,7854.43994140625,12.100000381469727
2018-07-19,2804.489990234375,7825.2998046875,12.869999885559082
2018-07-20,2801.830078125,7820.2001953125,12.859999656677246
2018-07-23,2806.97998046875,7841.8701171875,12.619999885559082
2018-07-24,2820.39990234375,7840.77001953125,12.40999984741211
2018-07-25,2846.070068359375,7932.240234375,12.289999961853027
2018-07-26,2837.43994140625,7852.18017578125,12.140000343322754
2018-07-27,2818.820068359375,7737.419921875,13.029999732971191
2018-07-30,2802.60009765625,7630.0,14.260000228881836
2018-07-31,2816.2900390625,7671.7900390625,12.829999923706055
2018-08-01,2813.360107421875,7707.2900390625,13.149999618530273
2018-08-02,2827.219970703125,7802.68994140625,12.1899995803833
2018-08-03,2840.35009765625,7812.009765625,11.640000343322754
2018-08-06,2850.39990234375,7859.68017578125,11.270000457763672
2018-08-07,2858.449951171875,7883.66015625,10.930000305175781
2018-08-08,2857.699951171875,7888.330078125,10.850000381469727
2018-08-09,2853.580078125,7891.77978515625,11.270000457763672
2018-08-10,2833.280029296875,7839.10986328125,13.15999984741211
2018-08-13,2821.929931640625,7819.7099609375,14.779999732971191
2018-08-14,2839.9599609375,7870.89013671875,13.3100004196167
2018-08-15,2818.3701171875,7774.1201171875,14.640000343322754
2018-08-16,2840.68994140625,7806.52001953125,13.449999809265137
2018-08-17,2850.1298828125,7816.330078125,12.640000343322754
2018-08-20,2857.050048828125,7821.009765625,12.489999771118164
2018-08-21,2862.9599609375,7859.169921875,12.859999656677246
2018-08-22,2861.820068359375,7889.10009765625,12.25
2018-08-23,2856.97998046875,7878.4599609375,12.40999984741211
2018-08-24,2874.68994140625,7945.97998046875,11.989999771118164
2018-08-27,2896.739990234375,8017.89990234375,12.15999984741211
2018-08-28,2897.52001953125,8030.0400390625,12.5
2018-08-29,2914.0400390625,8109.68994140625,12.25
2018-08-30,2901.1298828125,8088.35986328125,13.529999732971191
2018-08-31,2901.52001953125,8109.5400390625,12.859999656677246
2018-09-04,2896.719970703125,8091.25,13.15999984741211
2018-09-05,2888.60009765625,7995.169921875,13.90999984741211
2018-09-06,2878.050048828125,7922.72998046875,14.649999618530273
2018-09-07,2871.679931640625,7902.5400390625,14.880000114440918
2018-09-10,2877.1298828125,7924.16015625,14.15999984741211
2018-09-11,2887.889892578125,7972.47021484375,13.220000267028809
2018-09-12,2888.919921875,7954.22998046875,13.140000343322754
2018-09-13,2904.179931640625,8013.7099609375,12.369999885559082
2018-09-14,2904.97998046875,8010.0400390625,12.069999694824219
2018-09-17,2888.800048828125,7895.7900390625,13.680000305175781
2018-09-18,2904.31005859375,7956.10986328125,12.789999961853027
2018-09-19,2907.949951171875,7950.0400390625,11.75
2018-09-20,2930.75,8028.22998046875,11.800000190734863
2018-09-21,2929.669921875,7986.9599609375,11.680000305175781
2018-09-24,2919.3701171875,7993.25,12.199999809265137
2018-09-25,2915.56005859375,8007.47021484375,12.420000076293945
2018-09-26,2905.969970703125,7990.3701171875,12.890000343322754
2018-09-27,2914.0,8041.97021484375,12.40999984741211
2018-09-28,2913.97998046875,8046.35009765625,12.119999885559082
2018-10-01,2924.590087890625,8037.2998046875,12.0
2018-10-02,2923.429931640625,7999.5498046875,12.050000190734863
2018-10-03,2925.510009765625,8025.08984375,11.609999656677246
2018-10-04,2901.610107421875,7879.509765625,14.220000267028809
2018-10-05,2885.570068359375,7788.4501953125,14.819999694824219
2018-10-08,2884.429931640625,7735.9501953125,15.6899995803833
2018-10-09,2880.340087890625,7738.02001953125,15.949999809265137
2018-10-10,2785.679931640625,7422.0498046875,22.959999084472656
2018-10-11,2728.3701171875,7329.06005859375,24.979999542236328
2018-10-12,2767.1298828125,7496.89013671875,21.309999465942383
2018-10-15,2750.7900390625,7430.740234375,21.299999237060547
2018-10-16,2809.919921875,7645.490234375,17.6200008392334
2018-10-17,2809.2099609375,7642.7001953125,17.399999618530273
2018-10-18,2768.780029296875,7485.14013671875,20.059999465942383
2018-10-19,2767.780029296875,7449.02978515625,19.889999389648438
2018-10-22,2755.8798828125,7468.6298828125,19.639999389648438
2018-10-23,2740.68994140625,7437.5400390625,20.709999084472656
2018-10-24,2656.10009765625,7108.39990234375,25.229999542236328
2018-10-25,2705.570068359375,7318.33984375,24.219999313354492
2018-10-26,2658.68994140625,7167.2099609375,24.15999984741211
2018-10-29,2641.25,7050.2900390625,24.700000762939453
2018-10-30,2682.6298828125,7161.64990234375,23.350000381469727
2018-10-31,2711.739990234375,7305.89990234375,21.229999542236328
2018-11-01,2740.3701171875,7434.06005859375,19.34000015258789
2018-11-02,2723.06005859375,7356.990234375,19.510000228881836
2018-11-05,2738.31005859375,7328.85009765625,19.959999084472656
2018-11-06,2755.449951171875,7375.9599609375,19.90999984741211
2018-11-07,2813.889892578125,7570.75,16.360000610351562
2018-11-08,2806.830078125,7530.8798828125,16.719999313354492
2018-11-09,2781.010009765625,7406.89990234375,17.360000610351562
2018-11-12,2726.219970703125,7200.8701171875,20.450000762939453
2018-11-13,2722.179931640625,7200.8701171875,20.020000457763672
2018-11-14,2701.580078125,7136.39013671875,21.25
2018-11-15,2730.199951171875,7259.02978515625,19.979999542236328
2018-11-16,2736.27001953125,7247.8701171875,18.139999389648438
2018-11-19,2690.72998046875,7028.47998046875,20.100000381469727
2018-11-20,2641.889892578125,6908.81982421875,22.479999542236328
2018-11-21,2649.929931640625,6972.25,20.799999237060547
2018-11-23,2632.56005859375,6938.97998046875,21.520000457763672
2018-11-26,2673.449951171875,7081.85009765625,18.899999618530273
2018-11-27,2682.169921875,7082.7001953125,19.020000457763672
2018-11-28,2743.7900390625,7291.58984375,18.489999771118164
2018-11-29,2737.800048828125,7273.080078125,18.790000915527344
2018-11-30,2760.169921875,7330.5400390625,18.06999969482422
2018-12-03,2790.3701171875,7441.509765625,16.440000534057617
2018-12-04,2700.06005859375,7158.43017578125,20.739999771118164
2018-12-06,2695.949951171875,7188.259765625,21.190000534057617
2018-12-07,2633.080078125,6969.25,23.229999542236328
2018-12-10,2637.719970703125,7020.52001953125,22.639999389648438
2018-12-11,2636.780029296875,7031.830078125,21.760000228881836
2018-12-12,2651.070068359375,7098.31005859375,21.459999084472656
2018-12-13,2650.5400390625,7070.330078125,20.649999618530273
2018-12-14,2599.949951171875,6910.66015625,21.6299991607666
2018-12-17,2545.93994140625,6753.72998046875,24.520000457763672
2018-12-18,2546.159912109375,6783.91015625,25.579999923706055
2018-12-19,2506.9599609375,6636.830078125,25.579999923706055
2018-12-20,2467.419921875,6528.41015625,28.3799991607666
2018-12-21,2416.6201171875,6332.990234375,30.110000610351562
2018-12-24,2351.10009765625,6192.919921875,36.06999969482422
2018-12-26,2467.699951171875,6554.35986328125,30.40999984741211
2018-12-27,2488.830078125,6579.490234375,29.959999084472656
2018-12-28,2485.739990234375,6584.52001953125,28.34000015258789
2018-12-31,2506.85009765625,6635.27978515625,25.420000076293945
2019-01-02,2510.030029296875,6665.93994140625,23.219999313354492
2019-01-03,2447.889892578125,6463.5,25.450000762939453
2019-01-04,2531.93994140625,6738.85986328125,21.3799991607666
2019-01-07,2549.68994140625,6823.47021484375,21.399999618530273
2019-01-08,2574.409912109375,6897.0,20.469999313354492
2019-01-09,2584.9599609375,6957.080078125,19.979999542236328
2019-01-10,2596.639892578125,6986.06982421875,19.5
2019-01-11,2596.260009765625,6971.47998046875,18.190000534057617
2019-01-14,2582.610107421875,6905.919921875,19.06999969482422
2019-01-15,2610.300048828125,7023.830078125,18.600000381469727
2019-01-16,2616.10009765625,7034.68994140625,19.040000915527344
2019-01-17,2635.9599609375,7084.4599609375,18.059999465942383
2019-01-18,2670.7099609375,7157.22998046875,17.799999237060547
2019-01-22,2632.89990234375,7020.35986328125,20.799999237060547
2019-01-23,2638.699951171875,7025.77001953125,19.520000457763672
2019-01-24,2642.330078125,7073.4599609375,18.889999389648438
2019-01-25,2664.760009765625,7164.85986328125,17.420000076293945
2019-01-28,2643.85009765625,7085.68017578125,18.8700008392334
2019-01-29,2640.0,7028.2900390625,19.1299991607666
2019-01-30,2681.050048828125,7183.080078125,17.65999984741211
2019-01-31,2704.10009765625,7281.740234375,16.56999969482422
2019-02-01,2706.530029296875,7263.8701171875,16.139999389648438
2019-02-04,2724.8701171875,7347.5400390625,15.729999542236328
2019-02-05,2737.699951171875,7402.080078125,15.569999694824219
2019-02-06,2731.610107421875,7375.27978515625,15.380000114440918
2019-02-07,2706.050048828125,7288.35009765625,16.3700008392334
2019-02-08,2707.8798828125,7298.2001953125,15.720000267028809
2019-02-11,2709.800048828125,7307.89990234375,15.970000267028809
2019-02-12,2744.72998046875,7414.6201171875,15.430000305175781
2019-02-13,2753.030029296875,7420.3798828125,15.649999618530273
2019-02-14,2745.72998046875,7426.9501953125,16.219999313354492
2019-02-15,2775.60009765625,7472.41015625,14.90999984741211
2019-02-19,2779.760009765625,7486.77001953125,14.880000114440918
2019-02-20,2784.699951171875,7489.06982421875,14.020000457763672
2019-02-21,2774.8798828125,7459.7099609375,14.460000038146973
2019-02-22,2792.669921875,7527.5400390625,13.510000228881836
2019-02-25,2796.110107421875,7554.4599609375,14.850000381469727
2019-02-26,2793.89990234375,7549.2998046875,15.170000076293945
2019-02-27,2792.3798828125,7554.509765625,14.699999809265137
2019-02-28,2784.489990234375,7532.52978515625,14.779999732971191
2019-03-01,2803.68994140625,7595.35009765625,13.569999694824219
2019-03-04,2792.81005859375,7577.56982421875,14.630000114440918
2019-03-05,2789.64990234375,7576.35986328125,14.739999771118164
2019-03-06,2771.449951171875,7505.919921875,15.739999771118164
2019-03-07,2748.929931640625,7421.4599609375,16.59000015258789
2019-03-08,2743.070068359375,7408.14013671875,16.049999237060547
2019-03-11,2783.300048828125,7558.06005859375,14.329999923706055
2019-03-12,2791.52001953125,7591.02978515625,13.770000457763672
2019-03-13,2810.919921875,7643.41015625,13.40999984741211
2019-03-14,2808.47998046875,7630.91015625,13.5
2019-03-15,2822.47998046875,7688.52978515625,12.880000114440918
2019-03-18,2832.93994140625,7714.47998046875,13.100000381469727
2019-03-19,2832.570068359375,7723.9501953125,13.5600004196167
2019-03-20,2824.22998046875,7728.97021484375,13.90999984741211
2019-03-21,2854.8798828125,7838.9599609375,13.630000114440918
2019-03-22,2800.7099609375,7642.669921875,16.479999542236328
2019-03-25,2798.360107421875,7637.5400390625,16.329999923706055
2019-03-26,2818.4599609375,7691.52001953125,14.680000305175781
2019-03-27,2805.3701171875,7643.3798828125,15.149999618530273
2019-03-28,2815.43994140625,7669.169921875,14.430000305175781
2019-03-29,2834.39990234375,7729.31982421875,13.710000038146973
2019-04-01,2867.18994140625,7828.91015625,13.399999618530273
2019-04-02,2867.239990234375,7848.68994140625,13.359999656677246
2019-04-03,2873.39990234375,7895.5498046875,13.739999771118164
2019-04-04,2879.389892578125,7891.77978515625,13.579999923706055
2019-04-05,2892.739990234375,7938.68994140625,12.819999694824219
2019-04-08,2895.77001953125,7953.8798828125,13.180000305175781
2019-04-09,2878.199951171875,7909.27978515625,14.279999732971191
2019-04-10,2888.2099609375,7964.240234375,13.300000190734863
2019-04-11,2888.320068359375,7947.35986328125,13.020000457763672
2019-04-12,2907.409912109375,7984.16015625,12.010000228881836
2019-04-15,2905.580078125,7976.009765625,12.319999694824219
2019-04-16,2907.06005859375,8000.22998046875,12.180000305175781
2019-04-17,2900.449951171875,7996.080078125,12.600000381469727
2019-04-18,2905.030029296875,7998.06005859375,12.09000015258789
2019-04-22,2907.969970703125,8015.27001953125,12.420000076293945
2019-04-23,2933.679931640625,8120.81982421875,12.279999732971191
2019-04-24,2927.25,8102.009765625,13.140000343322754
2019-04-25,2926.169921875,8118.68017578125,13.25
2019-04-26,2939.8798828125,8146.39990234375,12.729999542236328
2019-04-29,2943.030029296875,8161.85009765625,13.109999656677246
2019-04-30,2945.830078125,8095.39013671875,13.119999885559082
2019-05-01,2923.72998046875,8049.64013671875,14.800000190734863
2019-05-02,2917.52001953125,8036.77001953125,14.420000076293945
2019-05-03,2945.639892578125,8164.0,12.869999885559082
2019-05-06,2932.469970703125,8123.2900390625,15.4399995803833
2019-05-07,2884.050048828125,7963.759765625,19.31999969482422
2019-05-08,2879.419921875,7943.31982421875,19.399999618530273
2019-05-09,2870.719970703125,7910.58984375,19.100000381469727
2019-05-10,2881.39990234375,7916.93994140625,16.040000915527344
2019-05-13,2811.8701171875,7647.02001953125,20.549999237060547
2019-05-14,2834.409912109375,7734.490234375,18.059999465942383
2019-05-15,2850.9599609375,7822.14990234375,16.440000534057617
2019-05-16,2876.320068359375,7898.0498046875,15.289999961853027
2019-05-17,2859.530029296875,7816.27978515625,15.960000038146973
2019-05-20,2840.22998046875,7702.3798828125,16.309999465942383
2019-05-21,2864.360107421875,7785.72021484375,14.949999809265137
2019-05-22,2856.27001953125,7750.83984375,14.75
2019-05-23,2822.239990234375,7628.27978515625,16.920000076293945
2019-05-24,2826.06005859375,7637.009765625,15.850000381469727
2019-05-28,2802.389892578125,7607.35009765625,17.5
2019-05-29,2783.02001953125,7547.31005859375,17.899999618530273
2019-05-30,2788.860107421875,7567.72021484375,17.299999237060547
2019-05-31,2752.06005859375,7453.14990234375,18.709999084472656
2019-06-03,2744.449951171875,7333.02001953125,18.860000610351562
2019-06-04,2803.27001953125,7527.1201171875,16.969999313354492
2019-06-05,2826.14990234375,7575.47998046875,16.09000015258789
2019-06-06,2843.489990234375,7615.5498046875,15.930000305175781
2019-06-07,2873.340087890625,7742.10009765625,16.299999237060547
2019-06-10,2886.72998046875,7823.169921875,15.9399995803833
2019-06-11,2885.719970703125,7822.56982421875,15.989999771118164
2019-06-12,2879.840087890625,7792.72021484375,15.90999984741211
2019-06-13,2891.639892578125,7837.1298828125,15.819999694824219
2019-06-14,2886.97998046875,7796.66015625,15.279999732971191
2019-06-17,2889.669921875,7845.02001953125,15.350000381469727
2019-06-18,2917.75,7953.8798828125,15.149999618530273
2019-06-19,2926.4599609375,7987.31982421875,14.329999923706055
2019-06-20,2954.179931640625,8051.33984375,14.75
2019-06-21,2950.4599609375,8031.7099609375,15.399999618530273
2019-06-24,2945.35009765625,8005.7001953125,15.260000228881836
2019-06-25,2917.3798828125,7884.72021484375,16.280000686645508
2019-06-26,2913.780029296875,7909.97021484375,16.209999084472656
2019-06-27,2924.919921875,7967.759765625,15.819999694824219
2019-06-28,2941.760009765625,8006.240234375,15.079999923706055
2019-07-01,2964.330078125,8091.16015625,14.0600004196167
2019-07-02,2973.010009765625,8109.08984375,12.930000305175781
2019-07-03,2995.820068359375,8170.22998046875,12.569999694824219
2019-07-05,2990.409912109375,8161.7900390625,13.279999732971191
2019-07-08,2975.949951171875,8098.3798828125,13.960000038146973
2019-07-09,2979.6298828125,8141.72998046875,14.09000015258789
2019-07-10,2993.070068359375,8202.5302734375,13.029999732971191
2019-07-11,2999.909912109375,8196.0400390625,12.930000305175781
2019-07-12,3013.77001953125,8244.1396484375,12.390000343322754
2019-07-15,3014.300048828125,8258.1904296875,12.680000305175781
2019-07-16,3004.0400390625,8222.7998046875,12.859999656677246
2019-07-17,2984.419921875,8185.2099609375,13.970000267028809
2019-07-18,2995.110107421875,8207.240234375,13.529999732971191
2019-07-19,2976.610107421875,8146.490234375,14.449999809265137
2019-07-22,2985.030029296875,8204.1396484375,13.529999732971191
2019-07-23,3005.469970703125,8251.400390625,12.609999656677246
2019-07-24,3019.56005859375,8321.5,12.069999694824219
2019-07-25,3003.669921875,8238.5400390625,12.739999771118164
2019-07-26,3025.860107421875,8330.2099609375,12.15999984741211
2019-07-29,3020.969970703125,8293.330078125,12.829999923706055
2019-07-30,3013.179931640625,8273.6103515625,13.9399995803833
2019-07-31,2980.3798828125,8175.419921875,16.1200008392334
2019-08-01,2953.56005859375,8111.1201171875,17.8700008392334
2019-08-02,2932.050048828125,8004.06982421875,17.610000610351562
2019-08-05,2844.739990234375,7726.0400390625,24.59000015258789
2019-08-06,2881.77001953125,7833.27001953125,20.170000076293945
2019-08-07,2883.97998046875,7862.830078125,19.489999771118164
2019-08-08,2938.090087890625,8039.16015625,16.90999984741211
2019-08-09,2918.64990234375,7959.14013671875,17.969999313354492
2019-08-12,2882.699951171875,7863.41015625,21.09000015258789
2019-08-13,2926.320068359375,8016.35986328125,17.520000457763672
2019-08-14,2840.60009765625,7773.93994140625,22.100000381469727
2019-08-15,2847.60009765625,7766.6201171875,21.18000030517578
2019-08-16,2888.679931640625,7895.990234375,18.469999313354492
2019-08-19,2923.64990234375,8002.81005859375,16.8799991607666
2019-08-20,2900.510009765625,7948.56005859375,17.5
2019-08-21,2924.429931640625,8020.2099609375,15.800000190734863
2019-08-22,2922.949951171875,7991.39013671875,16.68000030517578
2019-08-23,2847.110107421875,7751.77001953125,19.8700008392334
2019-08-26,2878.3798828125,7853.740234375,19.31999969482422
2019-08-27,2869.159912109375,7826.9501953125,20.309999465942383
2019-08-28,2887.93994140625,7856.8798828125,19.350000381469727
2019-08-29,2924.580078125,7973.39013671875,17.8799991607666
2019-08-30,2926.4599609375,7962.8798828125,18.979999542236328
2019-09-03,2906.27001953125,7874.16015625,19.65999984741211
2019-09-04,2937.780029296875,7976.8798828125,17.329999923706055
2019-09-05,2976.0,8116.830078125,16.270000457763672
2019-09-06,2978.7099609375,8103.06982421875,15.0
2019-09-09,2978.429931640625,8087.43994140625,15.270000457763672
2019-09-10,2979.389892578125,8084.16015625,15.199999809265137
2019-09-11,3000.929931640625,8169.68017578125,14.609999656677246
2019-09-12,3009.570068359375,8194.4697265625,14.220000267028809
2019-09-13,3007.389892578125,8176.7099609375,13.739999771118164
2019-09-16,2997.9599609375,8153.5400390625,14.670000076293945
2019-09-17,3005.699951171875,8186.02001953125,14.4399995803833
2019-09-18,3006.72998046875,8177.39013671875,13.949999809265137
2019-09-19,3006.7900390625,8182.8798828125,14.050000190734863
2019-09-20,2992.070068359375,8117.669921875,15.319999694824219
2019-09-23,2991.780029296875,8112.4599609375,14.90999984741211
2019-09-24,2966.60009765625,7993.6298828125,17.049999237060547
2019-09-25,2984.8701171875,8077.3798828125,15.960000038146973
2019-09-26,2977.6201171875,8030.66015625,16.06999969482422
2019-09-27,2961.7900390625,7939.6298828125,17.219999313354492
2019-09-30,2976.739990234375,7999.33984375,16.239999771118164
2019-10-01,2940.25,7908.68017578125,18.559999465942383
2019-10-02,2887.610107421875,7785.25,20.559999465942383
2019-10-03,2910.6298828125,7872.259765625,19.1200008392334
2019-10-04,2952.010009765625,7982.47021484375,17.040000915527344
2019-10-07,2938.7900390625,7956.2900390625,17.860000610351562
2019-10-08,2893.06005859375,7823.77978515625,20.280000686645508
2019-10-09,2919.39990234375,7903.740234375,18.639999389648438
2019-10-10,2938.1298828125,7950.77978515625,17.56999969482422
2019-10-11,2970.27001953125,8057.0400390625,15.579999923706055
2019-10-14,2966.14990234375,8048.64990234375,14.569999694824219
2019-10-15,2995.679931640625,8148.7099609375,13.539999961853027
2019-10-16,2989.68994140625,8124.18017578125,13.680000305175781
2019-10-17,2997.949951171875,8156.85009765625,13.789999961853027
2019-10-18,2986.199951171875,8089.5400390625,14.25
2019-10-21,3006.719970703125,8162.990234375,14.0
2019-10-22,2995.989990234375,8104.2998046875,14.460000038146973
2019-10-23,3004.52001953125,8119.7900390625,14.010000228881836
2019-10-24,3010.2900390625,8185.7998046875,13.710000038146973
2019-10-25,3022.550048828125,8243.1201171875,12.649999618530273
2019-10-28,3039.419921875,8325.990234375,13.109999656677246
2019-10-29,3036.889892578125,8276.849609375,13.199999809265137
2019-10-30,3046.77001953125,8303.98046875,12.329999923706055
2019-10-31,3037.56005859375,8292.3603515625,13.220000267028809
2019-11-01,3066.909912109375,8386.400390625,12.300000190734863
2019-11-04,3078.27001953125,8433.2001953125,12.829999923706055
2019-11-05,3074.6201171875,8434.6796875,13.100000381469727
2019-11-06,3076.780029296875,8410.6298828125,12.619999885559082
2019-11-07,3085.179931640625,8434.51953125,12.729999542236328
2019-11-08,3093.080078125,8475.3095703125,12.069999694824219
2019-11-11,3087.010009765625,8464.2802734375,12.6899995803833
2019-11-12,3091.840087890625,8486.08984375,12.680000305175781
2019-11-13,3094.0400390625,8482.099609375,13.0
2019-11-14,3096.6298828125,8479.01953125,13.050000190734863
2019-11-15,3120.4599609375,8540.830078125,12.050000190734863
2019-11-18,3122.030029296875,8549.9404296875,12.460000038146973
2019-11-19,3120.179931640625,8570.66015625,12.859999656677246
2019-11-20,3108.4599609375,8526.73046875,12.779999732971191
2019-11-21,3103.5400390625,8506.2099609375,13.130000114440918
2019-11-22,3110.2900390625,8519.8798828125,12.34000015258789
2019-11-25,3133.639892578125,8632.490234375,11.869999885559082
2019-11-26,3140.52001953125,8647.9296875,11.539999961853027
2019-11-27,3153.6298828125,8705.1796875,11.75
2019-11-29,3140.97998046875,8665.4697265625,12.619999885559082
2019-12-02,3113.8701171875,8567.990234375,14.90999984741211
2019-12-03,3093.199951171875,8520.6396484375,15.960000038146973
2019-12-04,3112.760009765625,8566.669921875,14.800000190734863
2019-12-05,3117.429931640625,8570.7001953125,14.520000457763672
2019-12-06,3145.909912109375,8656.5302734375,13.619999885559082
2019-12-09,3135.9599609375,8621.830078125,15.859999656677246
2019-12-10,3132.52001953125,8616.1796875,15.680000305175781
2019-12-11,3141.6298828125,8654.0498046875,14.989999771118164
2019-12-12,3168.570068359375,8717.3203125,13.9399995803833
2019-12-13,3168.800048828125,8734.8798828125,12.630000114440918
2019-12-16,3191.449951171875,8814.23046875,12.140000343322754
2019-12-17,3192.52001953125,8823.3603515625,12.289999961853027
2019-12-18,3191.139892578125,8827.740234375,12.579999923706055
2019-12-19,3205.3701171875,8887.2197265625,12.5
2019-12-20,3221.219970703125,8924.9599609375,12.510000228881836
2019-12-23,3224.010009765625,8945.650390625,12.609999656677246
2019-12-24,3223.3798828125,8952.8798828125,12.670000076293945
2019-12-26,3239.909912109375,9022.3896484375,12.649999618530273
2019-12-27,3240.02001953125,9006.6201171875,13.430000305175781
2019-12-30,3221.2900390625,8945.990234375,14.819999694824219
2019-12-31,3230.780029296875,8972.599609375,13.779999732971191
2020-01-02,3257.85009765625,9092.1904296875,12.470000267028809
2020-01-03,3234.85009765625,9020.76953125,14.020000457763672
2020-01-06,3246.280029296875,9071.4697265625,13.850000381469727
2020-01-07,3237.179931640625,9068.580078125,13.789999961853027
2020-01-08,3253.050048828125,9129.240234375,13.449999809265137
2020-01-09,3274.699951171875,9203.4296875,12.539999961853027
2020-01-10,3265.35009765625,9178.8603515625,12.5600004196167
2020-01-13,3288.1298828125,9273.9296875,12.319999694824219
2020-01-14,3283.14990234375,9251.330078125,12.390000343322754
2020-01-15,3289.2900390625,9258.7001953125,12.420000076293945
2020-01-16,3316.81005859375,9357.1298828125,12.319999694824219
2020-01-17,3329.6201171875,9388.9404296875,12.100000381469727
2020-01-21,3320.7900390625,9370.8095703125,12.850000381469727
2020-01-22,3321.75,9383.76953125,12.90999984741211
2020-01-23,3325.5400390625,9402.48046875,12.979999542236328
2020-01-24,3295.469970703125,9314.91015625,14.5600004196167
2020-01-27,3243.6298828125,9139.3095703125,18.229999542236328
2020-01-28,3276.239990234375,9269.6796875,16.280000686645508
2020-01-29,3273.39990234375,9275.16015625,16.389999389648438
2020-01-30,3283.659912109375,9298.9296875,15.489999771118164
2020-01-31,3225.52001953125,9150.9404296875,18.84000015258789
2020-02-03,3248.919921875,9273.400390625,17.969999313354492
2020-02-04,3297.590087890625,9467.9697265625,16.049999237060547
2020-02-05,3334.68994140625,9508.6796875,15.149999618530273
2020-02-06,3345.780029296875,9572.150390625,14.960000038146973
2020-02-07,3327.7099609375,9520.509765625,15.470000267028809
2020-02-10,3352.090087890625,9628.3896484375,15.039999961853027
2020-02-11,3357.75,9638.9404296875,15.180000305175781
2020-02-12,3379.449951171875,9725.9599609375,13.739999771118164
2020-02-13,3373.93994140625,9711.9697265625,14.149999618530273
2020-02-14,3380.159912109375,9731.1796875,13.680000305175781
2020-02-18,3370.2900390625,9732.740234375,14.829999923706055
2020-02-19,3386.14990234375,9817.1796875,14.380000114440918
2020-02-20,3373.22998046875,9750.9697265625,15.5600004196167
2020-02-21,3337.75,9576.58984375,17.079999923706055
2020-02-24,3225.889892578125,9221.2802734375,25.030000686645508
2020-02-25,3128.2099609375,8965.6103515625,27.850000381469727
2020-02-26,3116.389892578125,8980.7802734375,27.559999465942383
2020-02-27,2978.760009765625,8566.48046875,39.15999984741211
2020-02-28,2954.219970703125,8567.3701171875,40.11000061035156
2020-03-02,3090.22998046875,8952.169921875,33.41999816894531
2020-03-03,3003.3701171875,8684.08984375,36.81999969482422
2020-03-04,3130.1201171875,9018.08984375,31.989999771118164
2020-03-05,3023.93994140625,8738.58984375,39.619998931884766
2020-03-06,2972.3701171875,8575.6201171875,41.939998626708984
2020-03-09,2746.56005859375,7950.68017578125,54.459999084472656
2020-03-10,2882.22998046875,8344.25,47.29999923706055
2020-03-11,2741.3798828125,7952.0498046875,53.900001525878906
2020-03-12,2480.639892578125,7201.7998046875,75.47000122070312
2020-03-13,2711.02001953125,7874.8798828125,57.83000183105469
2020-03-16,2386.1298828125,6904.58984375,82.69000244140625
2020-03-17,2529.18994140625,7334.77978515625,75.91000366210938
2020-03-18,2398.10009765625,6989.83984375,76.44999694824219
2020-03-19,2409.389892578125,7150.580078125,72.0
2020-03-20,2304.919921875,6879.52001953125,66.04000091552734
2020-03-23,2237.39990234375,6860.669921875,61.59000015258789
2020-03-24,2447.330078125,7417.85986328125,61.66999816894531
2020-03-25,2475.56005859375,7384.2998046875,63.95000076293945
2020-03-26,2630.070068359375,7797.5400390625,61.0
2020-03-27,2541.469970703125,7502.3798828125,65.54000091552734
2020-03-30,2626.64990234375,7774.14990234375,57.08000183105469
2020-03-31,2584.590087890625,7700.10009765625,53.540000915527344
2020-04-01,2470.5,7360.580078125,57.060001373291016
2020-04-02,2526.89990234375,7487.31005859375,50.90999984741211
2020-04-03,2488.64990234375,7373.080078125,46.79999923706055
2020-04-06,2663.679931640625,7913.240234375,45.2400016784668
2020-04-07,2659.409912109375,7887.259765625,46.70000076293945
2020-04-08,2749.97998046875,8090.89990234375,43.349998474121094
2020-04-09,2789.820068359375,8153.580078125,41.66999816894531
2020-04-13,2761.6298828125,8192.419921875,41.16999816894531
2020-04-14,2846.06005859375,8515.740234375,37.7599983215332
2020-04-15,2783.360107421875,8393.1796875,40.84000015258789
2020-04-16,2799.550048828125,8532.3603515625,40.11000061035156
2020-04-17,2874.56005859375,8650.1396484375,38.150001525878906
2020-04-20,2823.159912109375,8560.73046875,43.83000183105469
2020-04-21,2736.56005859375,8263.23046875,45.40999984741211
2020-04-22,2799.31005859375,8495.3798828125,41.97999954223633
2020-04-23,2797.800048828125,8494.75,41.380001068115234
2020-04-24,2836.739990234375,8634.51953125,35.93000030517578
2020-04-27,2878.47998046875,8730.16015625,33.290000915527344
2020-04-28,2863.389892578125,8607.73046875,33.56999969482422
2020-04-29,2939.510009765625,8914.7099609375,31.229999542236328
2020-04-30,2912.429931640625,8889.5498046875,34.150001525878906
2020-05-01,2830.7099609375,8604.9501953125,37.189998626708984
2020-05-04,2842.739990234375,8710.7099609375,35.970001220703125
2020-05-05,2868.43994140625,8809.1201171875,33.61000061035156
2020-05-06,2848.419921875,8854.3896484375,34.119998931884766
2020-05-07,2881.18994140625,8979.66015625,31.440000534057617
2020-05-08,2929.800048828125,9121.3203125,27.979999542236328
2020-05-11,2930.18994140625,9192.33984375,27.56999969482422
2020-05-12,2870.1201171875,9002.5498046875,33.040000915527344
2020-05-13,2820.0,8863.169921875,35.279998779296875
2020-05-14,2852.5,8943.7197265625,32.61000061035156
2020-05-15,2863.699951171875,9014.5595703125,31.889999389648438
2020-05-18,2953.909912109375,9234.830078125,29.299999237060547
2020-05-19,2922.93994140625,9185.099609375,30.530000686645508
2020-05-20,2971.610107421875,9375.7802734375,27.989999771118164
2020-05-21,2948.510009765625,9284.8798828125,29.530000686645508
2020-05-22,2955.449951171875,9324.58984375,28.15999984741211
2020-05-26,2991.77001953125,9340.2197265625,28.010000228881836
2020-05-27,3036.1298828125,9412.3603515625,27.6200008392334
2020-05-28,3029.72998046875,9368.990234375,28.59000015258789
2020-05-29,3044.31005859375,9489.8701171875,27.510000228881836
2020-06-01,3055.72998046875,9552.0498046875,28.229999542236328
2020-06-02,3080.820068359375,9608.3798828125,26.84000015258789
2020-06-03,3122.8701171875,9682.91015625,25.65999984741211
2020-06-04,3112.35009765625,9615.8095703125,25.809999465942383
2020-06-05,3193.929931640625,9814.080078125,24.520000457763672
2020-06-08,3232.389892578125,9924.75,25.809999465942383
2020-06-09,3207.179931640625,9953.75,27.56999969482422
2020-06-10,3190.139892578125,10020.349609375,27.56999969482422
2020-06-11,3002.10009765625,9492.73046875,40.790000915527344
2020-06-12,3041.31005859375,9588.8095703125,36.09000015258789
2020-06-15,3066.590087890625,9726.01953125,34.400001525878906
2020-06-16,3124.739990234375,9895.8701171875,33.66999816894531
2020-06-17,3113.489990234375,9910.5302734375,33.470001220703125
2020-06-18,3115.340087890625,9943.0498046875,32.939998626708984
2020-06-19,3097.739990234375,9946.1201171875,35.119998931884766
2020-06-22,3117.860107421875,10056.48046875,31.770000457763672
2020-06-23,3131.2900390625,10131.3701171875,31.3700008392334
2020-06-24,3050.330078125,9909.169921875,33.84000015258789
2020-06-25,3083.760009765625,10017.0,32.220001220703125
2020-06-26,3009.050048828125,9757.2197265625,34.72999954223633
2020-06-29,3053.239990234375,9874.150390625,31.780000686645508
2020-06-30,3100.2900390625,10058.76953125,30.43000030517578
2020-07-01,3115.860107421875,10154.6298828125,28.6200008392334
2020-07-02,3130.010009765625,10207.6298828125,27.68000030517578
2020-07-06,3179.719970703125,10433.650390625,27.940000534057617
2020-07-07,3145.320068359375,10343.8896484375,29.43000030517578
2020-07-08,3169.93994140625,10492.5,28.079999923706055
2020-07-09,3152.050048828125,10547.75,29.260000228881836
2020-07-10,3185.0400390625,10617.4404296875,27.290000915527344
2020-07-13,3155.219970703125,10390.83984375,32.189998626708984
2020-07-14,3197.52001953125,10488.580078125,29.520000457763672
2020-07-15,3226.56005859375,10550.490234375,27.760000228881836
2020-07-16,3215.570068359375,10473.830078125,28.0
2020-07-17,3224.72998046875,10503.1904296875,25.68000030517578
2020-07-20,3251.840087890625,10767.08984375,24.459999084472656
2020-07-21,3257.300048828125,10680.3603515625,24.84000015258789
2020-07-22,3276.02001953125,10706.1298828125,24.31999969482422
2020-07-23,3235.659912109375,10461.419921875,26.079999923706055
2020-07-24,3215.6298828125,10363.1796875,25.84000015258789
2020-07-27,3239.409912109375,10536.26953125,24.739999771118164
2020-07-28,3218.43994140625,10402.08984375,25.440000534057617
2020-07-29,3258.43994140625,10542.9404296875,24.100000381469727
2020-07-30,3246.219970703125,10587.8095703125,24.760000228881836
2020-07-31,3271.1201171875,10745.26953125,24.459999084472656
2020-08-03,3294.610107421875,10902.7998046875,24.280000686645508
2020-08-04,3306.510009765625,10941.169921875,23.760000228881836
2020-08-05,3327.77001953125,10998.400390625,22.989999771118164
2020-08-06,3349.159912109375,11108.0703125,22.649999618530273
2020-08-07,3351.280029296875,11010.98046875,22.209999084472656
2020-08-10,3360.469970703125,10968.3603515625,22.1299991607666
2020-08-11,3333.68994140625,10782.8203125,24.030000686645508
2020-08-12,3380.35009765625,11012.240234375,22.280000686645508
2020-08-13,3373.429931640625,11042.5,22.1299991607666
2020-08-14,3372.85009765625,11019.2998046875,22.049999237060547
2020-08-17,3381.989990234375,11129.73046875,21.350000381469727
2020-08-18,3389.780029296875,11210.83984375,21.510000228881836
2020-08-19,3374.85009765625,11146.4599609375,22.540000915527344
2020-08-20,3385.510009765625,11264.9501953125,22.719999313354492
2020-08-21,3397.159912109375,11311.7998046875,22.540000915527344
2020-08-24,3431.280029296875,11379.7197265625,22.3700008392334
2020-08-25,3443.6201171875,11466.4697265625,22.030000686645508
2020-08-26,3478.72998046875,11665.0595703125,23.270000457763672
2020-08-27,3484.550048828125,11625.33984375,24.469999313354492
2020-08-28,3508.010009765625,11695.6298828125,22.959999084472656
2020-08-31,3500.31005859375,11775.4599609375,26.40999984741211
2020-09-01,3526.64990234375,11939.669921875,26.1200008392334
2020-09-02,3580.840087890625,12056.4404296875,26.56999969482422
2020-09-03,3455.06005859375,11458.099609375,33.599998474121094
2020-09-04,3426.9599609375,11313.1298828125,30.75
2020-09-08,3331.840087890625,10847.6904296875,31.459999084472656
2020-09-09,3398.9599609375,11141.5595703125,28.809999465942383
2020-09-10,3339.18994140625,10919.58984375,29.709999084472656
2020-09-11,3340.969970703125,10853.5498046875,26.8700008392334
2020-09-14,3383.5400390625,11056.650390625,25.850000381469727
2020-09-15,3401.199951171875,11190.3203125,25.59000015258789
2020-09-16,3385.489990234375,11050.4697265625,26.040000915527344
2020-09-17,3357.010009765625,10910.2802734375,26.459999084472656
2020-09-18,3319.469970703125,10793.2802734375,25.829999923706055
2020-09-21,3281.06005859375,10778.7998046875,27.780000686645508
2020-09-22,3315.570068359375,10963.6396484375,26.860000610351562
2020-09-23,3236.919921875,10632.990234375,28.579999923706055
2020-09-24,3246.590087890625,10672.26953125,28.510000228881836
2020-09-25,3298.4599609375,10913.5595703125,26.3799991607666
2020-09-28,3351.60009765625,11117.5302734375,26.190000534057617
2020-09-29,3335.469970703125,11085.25,26.270000457763672
2020-09-30,3363.0,11167.509765625,26.3700008392334
2020-10-01,3380.800048828125,11326.509765625,26.700000762939453
2020-10-02,3348.419921875,11075.01953125,27.6299991607666
2020-10-05,3408.60009765625,11332.490234375,27.959999084472656
2020-10-06,3360.969970703125,11154.599609375,29.479999542236328
2020-10-07,3419.43994140625,11364.599609375,28.059999465942383
2020-10-08,3446.830078125,11420.98046875,26.360000610351562
2020-10-09,3477.139892578125,11579.9404296875,25.0
2020-10-12,3534.219970703125,11876.259765625,25.06999969482422
2020-10-13,3511.929931640625,11863.900390625,26.06999969482422
2020-10-14,3488.669921875,11768.73046875,26.399999618530273
2020-10-15,3483.340087890625,11713.8701171875,26.969999313354492
2020-10-16,3483.81005859375,11671.5595703125,27.40999984741211
2020-10-19,3426.919921875,11478.8798828125,29.18000030517578
2020-10-20,3443.1201171875,11516.490234375,29.350000381469727
2020-10-21,3435.56005859375,11484.6904296875,28.649999618530273
2020-10-22,3453.489990234375,11506.009765625,28.110000610351562
2020-10-23,3465.389892578125,11548.2802734375,27.549999237060547
2020-10-26,3400.969970703125,11358.9404296875,32.459999084472656
2020-10-27,3390.679931640625,11431.349609375,33.349998474121094
2020-10-28,3271.030029296875,11004.8701171875,40.279998779296875
2020-10-29,3310.110107421875,11185.58984375,37.59000015258789
2020-10-30,3269.9599609375,10911.58984375,38.02000045776367
2020-11-02,3310.239990234375,10957.6103515625,37.130001068115234
2020-11-03,3369.159912109375,11160.5703125,35.54999923706055
2020-11-04,3443.43994140625,11590.7802734375,29.56999969482422
2020-11-05,3510.449951171875,11890.9296875,27.579999923706055
2020-11-06,3509.43994140625,11895.23046875,24.860000610351562
2020-11-09,3550.5,11713.7802734375,25.75
2020-11-10,3545.530029296875,11553.8603515625,24.799999237060547
2020-11-11,3572.659912109375,11786.4296875,23.450000762939453
2020-11-12,3537.010009765625,11709.58984375,25.350000381469727
2020-11-13,3585.14990234375,11829.2900390625,23.100000381469727
2020-11-16,3626.909912109375,11924.1298828125,22.450000762939453
2020-11-17,3609.530029296875,11899.33984375,22.709999084472656
2020-11-18,3567.7900390625,11801.599609375,23.84000015258789
2020-11-19,3581.8701171875,11904.7099609375,23.110000610351562
2020-11-20,3557.5400390625,11854.9697265625,23.700000762939453
2020-11-23,3577.590087890625,11880.6298828125,22.65999984741211
2020-11-24,3635.409912109375,12036.7900390625,21.639999389648438
2020-11-25,3629.64990234375,12094.400390625,21.25
2020-11-27,3638.35009765625,12205.849609375,20.84000015258789
2020-11-30,3621.6298828125,12198.740234375,20.56999969482422
2020-12-01,3662.449951171875,12355.1103515625,20.770000457763672
2020-12-02,3669.010009765625,12349.3701171875,21.170000076293945
2020-12-03,3666.719970703125,12377.1796875,21.280000686645508
2020-12-04,3699.1201171875,12464.23046875,20.790000915527344
2020-12-07,3691.9599609375,12519.9501953125,21.299999237060547
2020-12-08,3702.25,12582.76953125,20.68000030517578
2020-12-09,3672.820068359375,12338.9501953125,22.270000457763672
2020-12-10,3668.10009765625,12405.8095703125,22.520000457763672
2020-12-11,3663.4599609375,12377.8701171875,23.309999465942383
2020-12-14,3647.489990234375,12440.0400390625,24.719999313354492
2020-12-15,3694.6201171875,12595.0595703125,22.889999389648438
2020-12-16,3701.169921875,12658.1904296875,22.5
2020-12-17,3722.47998046875,12764.75,21.93000030517578
2020-12-18,3709.409912109375,12755.6396484375,21.56999969482422
2020-12-21,3694.919921875,12742.51953125,25.15999984741211
2020-12-22,3687.260009765625,12807.919921875,24.229999542236328
2020-12-23,3690.010009765625,12771.1103515625,23.309999465942383
2020-12-24,3703.06005859375,12804.73046875,21.530000686645508
2020-12-28,3735.360107421875,12899.419921875,21.700000762939453
2020-12-29,3727.0400390625,12850.2197265625,23.079999923706055
2020-12-30,3732.0400390625,12870.0,22.770000457763672
2020-12-31,3756.070068359375,12888.2802734375,22.75
2021-01-04,3700.64990234375,12698.4501953125,26.969999313354492
2021-01-05,3726.860107421875,12818.9599609375,25.34000015258789
2021-01-06,3748.139892578125,12740.7900390625,25.06999969482422
2021-01-07,3803.7900390625,13067.48046875,22.3700008392334
2021-01-08,3824.679931640625,13201.98046875,21.559999465942383
2021-01-11,3799.610107421875,13036.4296875,24.079999923706055
2021-01-12,3801.18994140625,13072.4296875,23.329999923706055
2021-01-13,3809.840087890625,13128.9501953125,22.209999084472656
2021-01-14,3795.5400390625,13112.6396484375,23.25
2021-01-15,3768.25,12998.5,24.34000015258789
2021-01-19,3798.909912109375,13197.1796875,23.239999771118164
2021-01-20,3851.85009765625,13457.25,21.579999923706055
2021-01-21,3853.070068359375,13530.91015625,21.31999969482422
2021-01-22,3841.469970703125,13543.0595703125,21.90999984741211
2021-01-25,3855.360107421875,13635.990234375,23.190000534057617
2021-01-26,3849.6201171875,13626.0595703125,23.020000457763672
2021-01-27,3750.77001953125,13270.599609375,37.209999084472656
2021-01-28,3787.3798828125,13337.16015625,30.209999084472656
2021-01-29,3714.239990234375,13070.6904296875,33.09000015258789
2021-02-01,3773.860107421875,13403.3896484375,30.239999771118164
2021-02-02,3826.31005859375,13612.7802734375,25.559999465942383
2021-02-03,3830.169921875,13610.5400390625,22.90999984741211
2021-02-04,3871.739990234375,13777.740234375,21.770000457763672
2021-02-05,3886.830078125,13856.2998046875,20.8700008392334
2021-02-08,3915.590087890625,13987.6396484375,21.239999771118164
2021-02-09,3911.22998046875,14007.7001953125,21.6299991607666
2021-02-10,3909.8798828125,13972.5302734375,21.989999771118164
2021-02-11,3916.3798828125,14025.76953125,21.25
2021-02-12,3934.830078125,14095.4697265625,19.969999313354492
2021-02-16,3932.590087890625,14047.5,21.459999084472656
2021-02-17,3931.330078125,13965.490234375,21.5
2021-02-18,3913.969970703125,13865.3603515625,22.489999771118164
2021-02-19,3906.7099609375,13874.4599609375,22.049999237060547
2021-02-22,3876.5,13533.0498046875,23.450000762939453
2021-02-23,3881.3701171875,13465.2001953125,23.110000610351562
2021-02-24,3925.429931640625,13597.9697265625,21.34000015258789
2021-02-25,3829.340087890625,13119.4296875,28.889999389648438
2021-02-26,3811.14990234375,13192.349609375,27.950000762939453
2021-03-01,3901.820068359375,13588.830078125,23.350000381469727
2021-03-02,3870.2900390625,13358.7900390625,24.100000381469727
2021-03-03,3819.719970703125,12997.75,26.670000076293945
2021-03-04,3768.469970703125,12723.4697265625,28.56999969482422
2021-03-05,3841.93994140625,12920.150390625,24.65999984741211
2021-03-08,3821.35009765625,12609.16015625,25.469999313354492
2021-03-09,3875.43994140625,13073.8203125,24.030000686645508
2021-03-10,3898.81005859375,13068.830078125,22.559999465942383
2021-03-11,3939.340087890625,13398.669921875,21.90999984741211
2021-03-12,3943.340087890625,13319.8603515625,20.690000534057617
2021-03-15,3968.93994140625,13459.7099609375,20.030000686645508
2021-03-16,3962.7099609375,13471.5703125,19.790000915527344
2021-03-17,3974.1201171875,13525.2001953125,19.229999542236328
2021-03-18,3915.4599609375,13116.169921875,21.579999923706055
2021-03-19,3913.10009765625,13215.240234375,20.950000762939453
2021-03-22,3940.590087890625,13377.5400390625,18.8799991607666
2021-03-23,3910.52001953125,13227.7001953125,20.299999237060547
2021-03-24,3889.139892578125,12961.8896484375,21.200000762939453
2021-03-25,3909.52001953125,12977.6796875,19.809999465942383
2021-03-26,3974.5400390625,13138.73046875,18.860000610351562
2021-03-29,3971.090087890625,13059.650390625,20.739999771118164
2021-03-30,3958.550048828125,13045.3896484375,19.610000610351562
2021-03-31,3972.889892578125,13246.8701171875,19.399999618530273
2021-04-01,4019.8701171875,13480.1103515625,17.329999923706055
2021-04-05,4077.909912109375,13705.58984375,17.90999984741211
2021-04-06,4073.93994140625,13698.3798828125,18.1200008392334
2021-04-07,4079.949951171875,13688.83984375,17.15999984741211
2021-04-08,4097.169921875,13829.3095703125,16.950000762939453
2021-04-09,4128.7998046875,13900.1904296875,16.690000534057617
2021-04-12,4127.990234375,13850.0,16.90999984741211
2021-04-13,4141.58984375,13996.099609375,16.649999618530273
2021-04-14,4124.66015625,13857.83984375,16.989999771118164
2021-04-15,4170.419921875,14038.759765625,16.56999969482422
2021-04-16,4185.47021484375,14052.33984375,16.25
2021-04-19,4163.259765625,13914.76953125,17.290000915527344
2021-04-20,4134.93994140625,13786.26953125,18.68000030517578
2021-04-21,4173.419921875,13950.2197265625,17.5
2021-04-22,4134.97998046875,13818.41015625,18.709999084472656
2021-04-23,4180.169921875,14016.8095703125,17.329999923706055
2021-04-26,4187.6201171875,14138.7802734375,17.639999389648438
2021-04-27,4186.72021484375,14090.2197265625,17.559999465942383
2021-04-28,4183.18017578125,14051.0302734375,17.280000686645508
2021-04-29,4211.47021484375,14082.5498046875,17.610000610351562
2021-04-30,4181.169921875,13962.6796875,18.610000610351562
2021-05-03,4192.66015625,13895.1201171875,18.309999465942383
2021-05-04,4164.66015625,13633.5,19.479999542236328
2021-05-05,4167.58984375,13582.419921875,19.149999618530273
2021-05-06,4201.6201171875,13632.83984375,18.389999389648438
2021-05-07,4232.60009765625,13752.240234375,16.690000534057617
2021-05-10,4188.43017578125,13401.8603515625,19.65999984741211
2021-05-11,4152.10009765625,13389.4296875,21.84000015258789
2021-05-12,4063.0400390625,13031.6796875,27.59000015258789
2021-05-13,4112.5,13124.990234375,23.1299991607666
2021-05-14,4173.85009765625,13429.98046875,18.809999465942383
2021-05-17,4163.2900390625,13379.0498046875,19.719999313354492
2021-05-18,4127.830078125,13303.6396484375,21.34000015258789
2021-05-19,4115.68017578125,13299.740234375,22.18000030517578
2021-05-20,4159.1201171875,13535.740234375,20.670000076293945
2021-05-21,4155.85986328125,13470.990234375,20.149999618530273
2021-05-24,4197.0498046875,13661.169921875,18.399999618530273
2021-05-25,4188.1298828125,13657.169921875,18.84000015258789
2021-05-26,4195.990234375,13738.0,17.360000610351562
2021-05-27,4200.8798828125,13736.2802734375,16.739999771118164
2021-05-28,4204.10986328125,13748.740234375,16.760000228881836
2021-06-01,4202.0400390625,13736.48046875,17.899999618530273
2021-06-02,4208.1201171875,13756.330078125,17.479999542236328
2021-06-03,4192.85009765625,13614.509765625,18.040000915527344
2021-06-04,4229.89013671875,13814.490234375,16.420000076293945
2021-06-07,4226.52001953125,13881.7197265625,16.420000076293945
2021-06-08,4227.259765625,13924.91015625,17.06999969482422
2021-06-09,4219.5498046875,13911.75,17.889999389648438
2021-06-10,4239.18017578125,14020.330078125,16.100000381469727
2021-06-11,4247.43994140625,14069.419921875,15.649999618530273
2021-06-14,4255.14990234375,14174.1396484375,16.389999389648438
2021-06-15,4246.58984375,14072.8603515625,17.020000457763672
2021-06-16,4223.7001953125,14039.6796875,18.149999618530273
2021-06-17,4221.85986328125,14161.349609375,17.75
2021-06-18,4166.4501953125,14030.3798828125,20.700000762939453
2021-06-21,4224.7900390625,14141.48046875,17.889999389648438
2021-06-22,4246.43994140625,14253.26953125,16.65999984741211
2021-06-23,4241.83984375,14271.73046875,16.31999969482422
2021-06-24,4266.490234375,14369.7099609375,15.970000267028809
2021-06-25,4280.7001953125,14360.3896484375,15.619999885559082
2021-06-28,4290.60986328125,14500.509765625,15.760000228881836
2021-06-29,4291.7998046875,14528.330078125,16.020000457763672
2021-06-30,4297.5,14503.9501953125,15.829999923706055
2021-07-01,4319.93994140625,14522.3798828125,15.479999542236328
2021-07-02,4352.33984375,14639.330078125,15.069999694824219
2021-07-06,4343.5400390625,14663.6396484375,16.440000534057617
2021-07-07,4358.1298828125,14665.0595703125,16.200000762939453
2021-07-08,4320.81982421875,14559.7802734375,19.0
2021-07-09,4369.5498046875,14701.919921875,16.18000030517578
2021-07-12,4384.6298828125,14733.240234375,16.170000076293945
2021-07-13,4369.2099609375,14677.650390625,17.1200008392334
2021-07-14,4374.2998046875,14644.9501953125,16.329999923706055
2021-07-15,4360.02978515625,14543.1298828125,17.010000228881836
2021-07-16,4327.16015625,14427.240234375,18.450000762939453
2021-07-19,4258.490234375,14274.98046875,22.5
2021-07-20,4323.06005859375,14498.8798828125,19.729999542236328
2021-07-21,4358.68994140625,14631.9501953125,17.90999984741211
2021-07-22,4367.47998046875,14684.599609375,17.690000534057617
2021-07-23,4411.7900390625,14836.990234375,17.200000762939453
2021-07-26,4422.2998046875,14840.7099609375,17.579999923706055
2021-07-27,4401.4599609375,14660.580078125,19.360000610351562
2021-07-28,4400.64013671875,14762.580078125,18.309999465942383
2021-07-29,4419.14990234375,14778.259765625,17.700000762939453
2021-07-30,4395.259765625,14672.6796875,18.239999771118164
2021-08-02,4387.16015625,14681.0703125,19.459999084472656
2021-08-03,4423.14990234375,14761.2900390625,18.040000915527344
2021-08-04,4402.66015625,14780.5302734375,17.969999313354492
2021-08-05,4429.10009765625,14895.1201171875,17.280000686645508
2021-08-06,4436.52001953125,14835.759765625,16.149999618530273
2021-08-09,4432.35009765625,14860.1796875,16.719999313354492
2021-08-10,4436.75,14788.08984375,16.790000915527344
2021-08-11,4442.41015625,14765.1396484375,16.170000076293945
2021-08-12,4460.830078125,14816.259765625,15.59000015258789
2021-08-13,4468.0,14822.900390625,15.449999809265137
2021-08-16,4479.7099609375,14793.759765625,16.1200008392334
2021-08-17,4448.080078125,14656.1796875,17.90999984741211
2021-08-18,4400.27001953125,14525.91015625,21.56999969482422
2021-08-19,4405.7998046875,14541.7900390625,21.670000076293945
2021-08-20,4441.669921875,14714.66015625,18.559999465942383
2021-08-23,4479.52978515625,14942.650390625,17.149999618530273
2021-08-24,4486.22998046875,15019.7998046875,17.219999313354492
2021-08-25,4496.18994140625,15041.8603515625,16.790000915527344
2021-08-26,4470.0,14945.8095703125,18.84000015258789
2021-08-27,4509.3701171875,15129.5,16.389999389648438
2021-08-30,4528.7900390625,15265.8896484375,16.190000534057617
2021-08-31,4522.68017578125,15259.240234375,16.479999542236328
2021-09-01,4524.08984375,15309.3798828125,16.110000610351562
2021-09-02,4536.9501953125,15331.1796875,16.40999984741211
2021-09-03,4535.43017578125,15363.51953125,16.40999984741211
2021-09-07,4520.02978515625,15374.330078125,18.139999389648438
2021-09-08,4514.06982421875,15286.6396484375,17.959999084472656
2021-09-09,4493.27978515625,15248.25,18.799999237060547
2021-09-10,4458.580078125,15115.490234375,20.950000762939453
2021-09-13,4468.72998046875,15105.580078125,19.3700008392334
2021-09-14,4443.0498046875,15037.759765625,19.459999084472656
2021-09-15,4480.7001953125,15161.5302734375,18.18000030517578
2021-09-16,4473.75,15181.919921875,18.690000534057617
2021-09-17,4432.990234375,15043.9697265625,20.809999465942383
2021-09-20,4357.72998046875,14713.900390625,25.709999084472656
2021-09-21,4354.18994140625,14746.400390625,24.360000610351562
2021-09-22,4395.64013671875,14896.849609375,20.8700008392334
2021-09-23,4448.97998046875,15052.240234375,18.6299991607666
2021-09-24,4455.47998046875,15047.7001953125,17.75
2021-09-27,4443.10986328125,14969.9697265625,18.760000228881836
2021-09-28,4352.6298828125,14546.6796875,23.25
2021-09-29,4359.4599609375,14512.4404296875,22.559999465942383
2021-09-30,4307.5400390625,14448.580078125,23.139999389648438
2021-10-01,4357.0400390625,14566.7001953125,21.100000381469727
2021-10-04,4300.4599609375,14255.48046875,22.959999084472656
2021-10-05,4345.72021484375,14433.830078125,21.299999237060547
2021-10-06,4363.5498046875,14501.91015625,21.0
2021-10-07,4399.759765625,14654.01953125,19.540000915527344
2021-10-08,4391.33984375,14579.5400390625,18.770000457763672
2021-10-11,4361.18994140625,14486.2001953125,20.0
2021-10-12,4350.64990234375,14465.919921875,19.850000381469727
2021-10-13,4363.7998046875,14571.6396484375,18.639999389648438
2021-10-14,4438.259765625,14823.4296875,16.860000610351562
2021-10-15,4471.3701171875,14897.33984375,16.299999237060547
2021-10-18,4486.4599609375,15021.8095703125,16.309999465942383
2021-10-19,4519.6298828125,15129.08984375,15.699999809265137
2021-10-20,4536.18994140625,15121.6796875,15.489999771118164
2021-10-21,4549.77978515625,15215.7001953125,15.010000228881836
2021-10-22,4544.89990234375,15090.2001953125,15.430000305175781
2021-10-25,4566.47998046875,15226.7099609375,15.239999771118164
2021-10-26,4574.7900390625,15235.7099609375,15.979999542236328
2021-10-27,4551.68017578125,15235.83984375,16.979999542236328
2021-10-28,4596.419921875,15448.1201171875,16.530000686645508
2021-10-29,4605.3798828125,15498.3896484375,16.260000228881836
2021-11-01,4613.669921875,15595.919921875,16.40999984741211
2021-11-02,4630.64990234375,15649.599609375,16.030000686645508
2021-11-03,4660.56982421875,15811.580078125,15.100000381469727
2021-11-04,4680.06005859375,15940.3095703125,15.4399995803833
2021-11-05,4697.52978515625,15971.58984375,16.479999542236328
2021-11-08,4701.7001953125,15982.3603515625,17.219999313354492
2021-11-09,4685.25,15886.5400390625,17.780000686645508
2021-11-10,4646.7099609375,15622.7099609375,18.729999542236328
2021-11-11,4649.27001953125,15704.2802734375,17.65999984741211
2021-11-12,4682.85009765625,15860.9599609375,16.290000915527344
2021-11-15,4682.7998046875,15853.849609375,16.489999771118164
2021-11-16,4700.89990234375,15973.8603515625,16.3700008392334
2021-11-17,4688.669921875,15921.5703125,17.110000610351562
2021-11-18,4704.5400390625,15993.7099609375,17.59000015258789
2021-11-19,4697.9599609375,16057.4404296875,17.90999984741211
2021-11-22,4682.93994140625,15854.759765625,19.170000076293945
2021-11-23,4690.7001953125,15775.1396484375,19.3799991607666
2021-11-24,4701.4599609375,15845.23046875,18.579999923706055
2021-11-26,4594.6201171875,15491.66015625,28.6200008392334
2021-11-29,4655.27001953125,15782.830078125,22.959999084472656
2021-11-30,4567.0,15537.6904296875,27.190000534057617
2021-12-01,4513.0400390625,15254.0498046875,31.1200008392334
2021-12-02,4577.10009765625,15381.3203125,27.950000762939453
2021-12-03,4538.43017578125,15085.4697265625,30.670000076293945
2021-12-06,4591.669921875,15225.150390625,27.18000030517578
2021-12-07,4686.75,15686.919921875,21.889999389648438
2021-12-08,4701.2099609375,15786.990234375,19.899999618530273
2021-12-09,4667.4501953125,15517.3701171875,21.579999923706055
2021-12-10,4712.02001953125,15630.599609375,18.690000534057617
2021-12-13,4668.97021484375,15413.2802734375,20.309999465942383
2021-12-14,4634.08984375,15237.6396484375,21.889999389648438
2021-12-15,4709.85009765625,15565.580078125,19.290000915527344
2021-12-16,4668.669921875,15180.4296875,20.56999969482422
2021-12-17,4620.64013671875,15169.6796875,21.56999969482422
2021-12-20,4568.02001953125,14980.9404296875,22.8700008392334
2021-12-21,4649.22998046875,15341.08984375,21.010000228881836
2021-12-22,4696.56005859375,15521.8896484375,18.6299991607666
2021-12-23,4725.7900390625,15653.3701171875,17.959999084472656
2021-12-27,4791.18994140625,15871.259765625,17.68000030517578
2021-12-28,4786.35009765625,15781.7197265625,17.540000915527344
2021-12-29,4793.06005859375,15766.2197265625,16.950000762939453
2021-12-30,4778.72998046875,15741.5595703125,17.329999923706055
2021-12-31,4766.18017578125,15644.9697265625,17.219999313354492
2022-01-03,4796.56005859375,15832.7998046875,16.600000381469727
2022-01-04,4793.5400390625,15622.7197265625,16.90999984741211
2022-01-05,4700.580078125,15100.169921875,19.729999542236328
2022-01-06,4696.0498046875,15080.8603515625,19.610000610351562
2022-01-07,4677.02978515625,14935.900390625,18.760000228881836
2022-01-10,4670.2900390625,14942.830078125,19.399999618530273
2022-01-11,4713.06982421875,15153.4501953125,18.40999984741211
2022-01-12,4726.35009765625,15188.3896484375,17.6200008392334
2022-01-13,4659.02978515625,14806.8095703125,20.309999465942383
2022-01-14,4662.85009765625,14893.75,19.190000534057617
2022-01-18,4577.10986328125,14506.900390625,22.790000915527344
2022-01-19,4532.759765625,14340.259765625,23.850000381469727
2022-01-20,4482.72998046875,14154.01953125,25.59000015258789
2022-01-21,4397.93994140625,13768.919921875,28.850000381469727
2022-01-24,4410.1298828125,13855.1298828125,29.899999618530273
2022-01-25,4356.4501953125,13539.2900390625,31.15999984741211
2022-01-26,4349.93017578125,13542.1201171875,31.959999084472656
2022-01-27,4326.509765625,13352.7802734375,30.489999771118164
2022-01-28,4431.85009765625,13770.5703125,27.65999984741211
2022-01-31,4515.5498046875,14239.8798828125,24.829999923706055
2022-02-01,4546.5400390625,14346.0,21.959999084472656
2022-02-02,4589.3798828125,14417.5498046875,22.09000015258789
2022-02-03,4477.43994140625,13878.8203125,24.350000381469727
2022-02-04,4500.52978515625,14098.009765625,23.219999313354492
2022-02-07,4483.8701171875,14015.669921875,22.860000610351562
2022-02-08,4521.5400390625,14194.4501953125,21.440000534057617
2022-02-09,4587.18017578125,14490.3701171875,19.959999084472656
2022-02-10,4504.080078125,14185.6396484375,23.90999984741211
2022-02-11,4418.64013671875,13791.150390625,27.360000610351562
2022-02-14,4401.669921875,13790.919921875,28.329999923706055
2022-02-15,4471.06982421875,14139.759765625,25.700000762939453
2022-02-16,4475.009765625,14124.08984375,24.290000915527344
2022-02-17,4380.259765625,13716.7197265625,28.110000610351562
2022-02-18,4348.8701171875,13548.0703125,27.75
2022-02-22,4304.759765625,13381.51953125,28.809999465942383
2022-02-23,4225.5,13037.490234375,31.020000457763672
2022-02-24,4288.7001953125,13473.58984375,30.31999969482422
2022-02-25,4384.64990234375,13694.6201171875,27.59000015258789
2022-02-28,4373.93994140625,13751.400390625,30.149999618530273
2022-03-01,4306.259765625,13532.4599609375,33.31999969482422
2022-03-02,4386.5400390625,13752.01953125,30.739999771118164
2022-03-03,4363.490234375,13537.9404296875,30.479999542236328
2022-03-04,4328.8701171875,13313.4404296875,31.979999542236328
2022-03-07,4201.08984375,12830.9599609375,36.45000076293945
2022-03-08,4170.7001953125,12795.5498046875,35.130001068115234
2022-03-09,4277.8798828125,13255.5498046875,32.45000076293945
2022-03-10,4259.52001953125,13129.9599609375,30.229999542236328
2022-03-11,4204.31005859375,12843.8095703125,30.75
2022-03-14,4173.10986328125,12581.2197265625,31.770000457763672
2022-03-15,4262.4501953125,12948.6201171875,29.829999923706055
2022-03-16,4357.85986328125,13436.5498046875,26.670000076293945
2022-03-17,4411.669921875,13614.7802734375,25.670000076293945
2022-03-18,4463.1201171875,13893.83984375,23.8700008392334
2022-03-21,4461.18017578125,13838.4599609375,23.530000686645508
2022-03-22,4511.60986328125,14108.8203125,22.940000534057617
2022-03-23,4456.240234375,13922.599609375,23.56999969482422
2022-03-24,4520.16015625,14191.83984375,21.670000076293945
2022-03-25,4543.06005859375,14169.2998046875,20.809999465942383
2022-03-28,4575.52001953125,14354.900390625,19.6299991607666
2022-03-29,4631.60009765625,14619.6396484375,18.899999618530273
2022-03-30,4602.4501953125,14442.26953125,19.329999923706055
2022-03-31,4530.41015625,14220.51953125,20.559999465942383
2022-04-01,4545.85986328125,14261.5,19.6299991607666
2022-04-04,4582.64013671875,14532.5498046875,18.56999969482422
2022-04-05,4525.1201171875,14204.169921875,21.030000686645508
2022-04-06,4481.14990234375,13888.8203125,22.100000381469727
2022-04-07,4500.2099609375,13897.2998046875,21.549999237060547
2022-04-08,4488.27978515625,13711.0,21.15999984741211
2022-04-11,4412.52978515625,13411.9599609375,24.3700008392334
2022-04-12,4397.4501953125,13371.5703125,24.260000228881836
2022-04-13,4446.58984375,13643.58984375,21.81999969482422
2022-04-14,4392.58984375,13351.080078125,22.700000762939453
2022-04-18,4391.68994140625,13332.3603515625,22.170000076293945
2022-04-19,4462.2099609375,13619.66015625,21.3700008392334
2022-04-20,4459.4501953125,13453.0703125,20.31999969482422
2022-04-21,4393.66015625,13174.650390625,22.68000030517578
2022-04-22,4271.77978515625,12839.2900390625,28.209999084472656
2022-04-25,4296.1201171875,13004.849609375,27.020000457763672
2022-04-26,4175.2001953125,12490.740234375,33.52000045776367
2022-04-27,4183.9599609375,12488.9296875,31.600000381469727
2022-04-28,4287.5,12871.5302734375,29.989999771118164
2022-04-29,4131.93017578125,12334.6396484375,33.400001525878906
2022-05-02,4155.3798828125,12536.01953125,32.34000015258789
2022-05-03,4175.47998046875,12563.759765625,29.25
2022-05-04,4300.169921875,12964.8603515625,25.420000076293945
2022-05-05,4146.8701171875,12317.6904296875,31.200000762939453
2022-05-06,4123.33984375,12144.66015625,30.190000534057617
2022-05-09,3991.239990234375,11623.25,34.75
2022-05-10,4001.050048828125,11737.669921875,32.9900016784668
2022-05-11,3935.179931640625,11364.240234375,32.560001373291016
2022-05-12,3930.080078125,11370.9599609375,31.770000457763672
2022-05-13,4023.889892578125,11805.0,28.8700008392334
2022-05-16,4008.010009765625,11662.7900390625,27.469999313354492
2022-05-17,4088.85009765625,11984.51953125,26.100000381469727
2022-05-18,3923.679931640625,11418.150390625,30.959999084472656
2022-05-19,3900.7900390625,11388.5,29.350000381469727
2022-05-20,3901.360107421875,11354.6201171875,29.43000030517578
2022-05-23,3973.75,11535.26953125,28.479999542236328
2022-05-24,3941.47998046875,11264.4501953125,29.450000762939453
2022-05-25,3978.72998046875,11434.740234375,28.3700008392334
2022-05-26,4057.840087890625,11740.650390625,27.5
2022-05-27,4158.240234375,12131.1298828125,25.719999313354492
2022-05-31,4132.14990234375,12081.3896484375,26.190000534057617
2022-06-01,4101.22998046875,11994.4599609375,25.690000534057617
2022-06-02,4176.81982421875,12316.900390625,24.719999313354492
2022-06-03,4108.5400390625,12012.73046875,24.790000915527344
2022-06-06,4121.43017578125,12061.3701171875,25.06999969482422
2022-06-07,4160.68017578125,12175.23046875,24.020000457763672
2022-06-08,4115.77001953125,12086.26953125,23.959999084472656
2022-06-09,4017.820068359375,11754.23046875,26.09000015258789
2022-06-10,3900.860107421875,11340.01953125,27.75
2022-06-13,3749.6298828125,10809.23046875,34.02000045776367
2022-06-14,3735.47998046875,10828.349609375,32.689998626708984
2022-06-15,3789.989990234375,11099.150390625,29.6200008392334
2022-06-16,3666.77001953125,10646.099609375,32.95000076293945
2022-06-17,3674.840087890625,10798.349609375,31.1299991607666
2022-06-21,3764.7900390625,11069.2998046875,30.190000534057617
2022-06-22,3759.889892578125,11053.080078125,28.950000762939453
2022-06-23,3795.72998046875,11232.1904296875,29.049999237060547
2022-06-24,3911.739990234375,11607.6201171875,27.229999542236328
2022-06-27,3900.110107421875,11524.5498046875,26.950000762939453
2022-06-28,3821.550048828125,11181.5400390625,28.360000610351562
2022-06-29,3818.830078125,11177.8896484375,28.15999984741211
2022-06-30,3785.3798828125,11028.740234375,28.709999084472656
2022-07-01,3825.330078125,11127.849609375,26.700000762939453
2022-07-05,3831.389892578125,11322.240234375,27.540000915527344
2022-07-06,3845.080078125,11361.849609375,26.729999542236328
2022-07-07,3902.6201171875,11621.349609375,26.079999923706055
2022-07-08,3899.3798828125,11635.3095703125,24.639999389648438
2022-07-11,3854.429931640625,11372.599609375,26.170000076293945
2022-07-12,3818.800048828125,11264.73046875,27.290000915527344
2022-07-13,3801.780029296875,11247.580078125,26.81999969482422
2022-07-14,3790.3798828125,11251.1904296875,26.399999618530273
2022-07-15,3863.159912109375,11452.419921875,24.229999542236328
2022-07-18,3830.85009765625,11360.0498046875,25.299999237060547
2022-07-19,3936.68994140625,11713.150390625,24.5
2022-07-20,3959.89990234375,11897.650390625,23.8799991607666
2022-07-21,3998.949951171875,12059.6103515625,23.110000610351562
2022-07-22,3961.6298828125,11834.1103515625,23.030000686645508
2022-07-25,3966.840087890625,11782.669921875,23.360000610351562
2022-07-26,3921.050048828125,11562.5703125,24.690000534057617
2022-07-27,4023.610107421875,12032.419921875,23.239999771118164
2022-07-28,4072.429931640625,12162.58984375,22.329999923706055
2022-07-29,4130.2900390625,12390.6904296875,21.329999923706055
2022-08-01,4118.6298828125,12368.98046875,22.84000015258789
2022-08-02,4091.18994140625,12348.759765625,23.93000030517578
2022-08-03,4155.169921875,12668.16015625,21.950000762939453
2022-08-04,4151.93994140625,12720.580078125,21.440000534057617
2022-08-05,4145.18994140625,12657.5498046875,21.149999618530273
2022-08-08,4140.06005859375,12644.4599609375,21.290000915527344
2022-08-09,4122.47021484375,12493.9296875,21.770000457763672
2022-08-10,4210.240234375,12854.7998046875,19.739999771118164
2022-08-11,4207.27001953125,12779.91015625,20.200000762939453
2022-08-12,4280.14990234375,13047.1904296875,19.530000686645508
2022-08-15,4297.14013671875,13128.0498046875,19.950000762939453
2022-08-16,4305.2001953125,13102.5498046875,19.690000534057617
2022-08-17,4274.0400390625,12938.1201171875,19.899999618530273
2022-08-18,4283.740234375,12965.33984375,19.559999465942383
2022-08-19,4228.47998046875,12705.2197265625,20.600000381469727
2022-08-22,4137.990234375,12381.5703125,23.799999237060547
2022-08-23,4128.72998046875,12381.2998046875,24.110000610351562
2022-08-24,4140.77001953125,12431.5302734375,22.81999969482422
2022-08-25,4199.1201171875,12639.26953125,21.780000686645508
2022-08-26,4057.659912109375,12141.7099609375,25.559999465942383
2022-08-29,4030.610107421875,12017.669921875,26.209999084472656
2022-08-30,3986.159912109375,11883.1396484375,26.209999084472656
2022-08-31,3955.0,11816.2001953125,25.8700008392334
2022-09-01,3966.85009765625,11785.1298828125,25.559999465942383
2022-09-02,3924.260009765625,11630.8603515625,25.469999313354492
2022-09-06,3908.18994140625,11544.91015625,26.90999984741211
2022-09-07,3979.8701171875,11791.900390625,24.639999389648438
2022-09-08,4006.179931640625,11862.1298828125,23.610000610351562
2022-09-09,4067.360107421875,12112.3095703125,22.790000915527344
2022-09-12,4110.41015625,12266.41015625,23.8700008392334
2022-09-13,3932.68994140625,11633.5703125,27.270000457763672
2022-09-14,3946.010009765625,11719.6796875,26.15999984741211
2022-09-15,3901.35009765625,11552.3603515625,26.270000457763672
2022-09-16,3873.330078125,11448.400390625,26.299999237060547
2022-09-19,3899.889892578125,11535.01953125,25.760000228881836
2022-09-20,3855.929931640625,11425.0498046875,27.15999984741211
2022-09-21,3789.929931640625,11220.1904296875,27.989999771118164
2022-09-22,3757.989990234375,11066.8095703125,27.350000381469727
2022-09-23,3693.22998046875,10867.9296875,29.920000076293945
2022-09-26,3655.0400390625,10802.919921875,32.2599983215332
2022-09-27,3647.2900390625,10829.5,32.599998474121094
2022-09-28,3719.0400390625,11051.6396484375,30.18000030517578
2022-09-29,3640.469970703125,10737.509765625,31.84000015258789
2022-09-30,3585.6201171875,10575.6201171875,31.6200008392334
2022-10-03,3678.429931640625,10815.4296875,30.100000381469727
2022-10-04,3790.929931640625,11176.41015625,29.06999969482422
2022-10-05,3783.280029296875,11148.6396484375,28.549999237060547
2022-10-06,3744.52001953125,11073.3095703125,30.520000457763672
2022-10-07,3639.659912109375,10652.400390625,31.360000610351562
2022-10-10,3612.389892578125,10542.099609375,32.45000076293945
2022-10-11,3588.840087890625,10426.1904296875,33.630001068115234
2022-10-12,3577.030029296875,10417.099609375,33.56999969482422
2022-10-13,3669.909912109375,10649.150390625,31.940000534057617
2022-10-14,3583.070068359375,10321.3896484375,32.02000045776367
2022-10-17,3677.949951171875,10675.7998046875,31.3700008392334
2022-10-18,3719.97998046875,10772.400390625,30.5
2022-10-19,3695.159912109375,10680.509765625,30.760000228881836
2022-10-20,3665.780029296875,10614.83984375,29.979999542236328
2022-10-21,3752.75,10859.7197265625,29.690000534057617
2022-10-24,3797.340087890625,10952.6103515625,29.850000381469727
2022-10-25,3859.110107421875,11199.1201171875,28.459999084472656
2022-10-26,3830.60009765625,10970.990234375,27.280000686645508
2022-10-27,3807.300048828125,10792.669921875,27.389999389648438
2022-10-28,3901.06005859375,11102.4501953125,25.75
2022-10-31,3871.97998046875,10988.150390625,25.8799991607666
2022-11-01,3856.10009765625,10890.849609375,25.809999465942383
2022-11-02,3759.68994140625,10524.7998046875,25.860000610351562
2022-11-03,3719.889892578125,10342.9404296875,25.299999237060547
2022-11-04,3770.550048828125,10475.25,24.549999237060547
2022-11-07,3806.800048828125,10564.51953125,24.350000381469727
2022-11-08,3828.110107421875,10616.2001953125,25.540000915527344
2022-11-09,3748.570068359375,10353.169921875,26.09000015258789
2022-11-10,3956.3701171875,11114.150390625,23.530000686645508
2022-11-11,3992.929931640625,11323.330078125,22.520000457763672
2022-11-14,3957.25,11196.2197265625,23.729999542236328
2022-11-15,3991.72998046875,11358.41015625,24.540000915527344
2022-11-16,3958.7900390625,11183.66015625,24.110000610351562
2022-11-17,3946.56005859375,11144.9599609375,23.93000030517578
2022-11-18,3965.340087890625,11146.0595703125,23.1200008392334
2022-11-21,3949.93994140625,11024.509765625,22.360000610351562
2022-11-22,4003.580078125,11174.41015625,21.290000915527344
2022-11-23,4027.260009765625,11285.3203125,20.350000381469727
2022-11-25,4026.1201171875,11226.3603515625,20.5
2022-11-28,3963.93994140625,11049.5,22.209999084472656
2022-11-29,3957.6298828125,10983.7802734375,21.889999389648438
2022-11-30,4080.110107421875,11468.0,20.579999923706055
2022-12-01,4076.570068359375,11482.4501953125,19.84000015258789
2022-12-02,4071.699951171875,11461.5,19.059999465942383
2022-12-05,3998.840087890625,11239.9404296875,20.75
2022-12-06,3941.260009765625,11014.8896484375,22.170000076293945
2022-12-07,3933.919921875,10958.5498046875,22.68000030517578
2022-12-08,3963.510009765625,11082.0,22.290000915527344
2022-12-09,3934.3798828125,11004.6201171875,22.829999923706055
2022-12-12,3990.56005859375,11143.740234375,25.0
2022-12-13,4019.64990234375,11256.8095703125,22.549999237060547
2022-12-14,3995.320068359375,11170.8896484375,21.139999389648438
2022-12-15,3895.75,10810.5302734375,22.829999923706055
2022-12-16,3852.360107421875,10705.41015625,22.6200008392334
2022-12-19,3817.659912109375,10546.0302734375,22.420000076293945
2022-12-20,3821.6201171875,10547.1103515625,21.479999542236328
2022-12-21,3878.43994140625,10709.3701171875,20.06999969482422
2022-12-22,3822.389892578125,10476.1201171875,21.969999313354492
2022-12-23,3844.820068359375,10497.8603515625,20.8700008392334
2022-12-27,3829.25,10353.23046875,21.649999618530273
2022-12-28,3783.219970703125,10213.2900390625,22.139999389648438
2022-12-29,3849.280029296875,10478.08984375,21.440000534057617
2022-12-30,3839.5,10466.48046875,21.670000076293945
